airport_icao,airport_iata,airport_name,airport_city,country_code,match_status
BG-JAM,JAM,Bezmer Air Base,Bezmer,BG,Matched
BIHN,HFN,Hornafjörður Airport,Höfn,IS,Matched
BIKF,KEF,Keflavik International Airport,Reykjavík,IS,Matched
BIRK,RKV,Reykjavík Domestic Airport,Reykjavík,IS,Matched
BIVM,VEY,Vestmannaeyjar Airport,Vestmannaeyjar,IS,Matched
BKPR,PRN,Priština Adem Jashari International Airport,Prishtina,XK,Matched
BY-0001,TXC,Orsha Airport - Balbasovo Air Base,Orsha,BY,Matched
BY-0003,,Bobrovichi Air Base,Kalinovichi,BY,Matched
BY-0006,,Osovtsy Air Base,Byaroza,BY,Matched
CY-0002,,,,,Unmatched
DAAB,,Blida Airport,Blida,DZ,Matched
DAAE,BJA,Soummam–Abane Ramdane Airport,Béjaïa,DZ,Matched
DAAG,ALG,Houari Boumediene Airport,Algiers,DZ,Matched
DAAK,,Boufarik Air Base,Boufarik,DZ,Matched
DAAV,GJL,Jijel Ferhat Abbas Airport,Tahir,DZ,Matched
DAAZ,,Relizane Airport,Relizane,DZ,Matched
DABB,AAE,Annaba Rabah Bitat Airport,Annaba,DZ,Matched
DABC,CZL,Mohamed Boudiaf International Airport,Constantine,DZ,Matched
DAOI,CFK,Chlef Aboubakr Belkaid International Airport,Chlef,DZ,Matched
DAOL,TAF,Oran Tafraoui Airport,Tafraoui,DZ,Matched
DAON,TLM,Zenata – Messali El Hadj Airport,Zenata,DZ,Matched
DAOO,ORN,Oran Es-Sénia (Ahmed Ben Bella) International Airport,Es-Sénia,DZ,Matched
DAOV,MUW,Ghriss Airport,Ghriss,DZ,Matched
DTKA,TBJ,Tabarka-Aïn Draham International Airport,Tabarka,TN,Matched
DTMB,MIR,Monastir Habib Bourguiba International Airport,Monastir,TN,Matched
DTNH,NBE,Enfidha - Hammamet International Airport,Enfidha,TN,Matched
DTTA,TUN,Tunis Carthage International Airport,Tunis,TN,Matched
DTTB,,Bizerte Sidi Ahmed Air Base,Borj Challouf,TN,Matched
DTTD,,Remada Air Base,Remada,TN,Matched
DTTG,GAE,Gabès Matmata International Airport,Gabès,TN,Matched
DTTJ,DJE,Djerba Zarzis International Airport,Mellita,TN,Matched
DTTX,SFA,Sfax Thyna International Airport,Sfax,TN,Matched
EBAW,ANR,Antwerp International Airport (Deurne),Antwerp,BE,Matched
EBBE,,Beauvechain Air Base,Beauvechain,BE,Matched
EBBL,,Kleine Brogel Air Base,Kleine Brogel,BE,Matched
EBBR,BRU,Brussels Airport,Zaventem,BE,Matched
EBCI,CRL,Brussels South Charleroi Airport,Charleroi,BE,Matched
EBCV,,Chièvres Air Base,Chièvres,BE,Matched
EBFN,,Koksijde Air Base,Koksijde,BE,Matched
EBFS,,Florennes Air Base,Florennes,BE,Matched
EBKT,KJK,Kortrijk-Wevelgem International Airport,Wevelgem,BE,Matched
EBLG,LGG,Liège Airport,Grâce-Hollogne,BE,Matched
EBOS,OST,Ostend-Bruges International Airport,Oostende,BE,Matched
EDAC,AOC,Leipzig–Altenburg Airport,Nobitz,DE,Matched
EDAH,HDF,Heringsdorf Airport,Zirchow,DE,Matched
EDBN,FNB,Neubrandenburg Trollenhagen Airport,Trollenhagen,DE,Matched
EDBR,,Rothenburg/Görlitz Airfield,Rothenburg/Oberlausitz,DE,Matched
EDDB,BER,Berlin Brandenburg Airport,Berlin,DE,Matched
EDDC,DRS,Dresden Airport,Dresden,DE,Matched
EDDE,ERF,Erfurt-Weimar Airport,Erfurt,DE,Matched
EDDF,FRA,Frankfurt Main Airport,Frankfurt am Main,DE,Matched
EDDG,FMO,Münster Osnabrück Airport,Greven,DE,Matched
EDDH,HAM,Hamburg Helmut Schmidt Airport,Hamburg,DE,Matched
EDDK,CGN,Cologne Bonn Airport,Köln (Cologne),DE,Matched
EDDL,DUS,Düsseldorf Airport,Düsseldorf,DE,Matched
EDDM,MUC,Munich Airport,Munich,DE,Matched
EDDN,NUE,Nuremberg Airport,Nuremberg,DE,Matched
EDDP,LEJ,Leipzig/Halle Airport,Schkeuditz,DE,Matched
EDDR,SCN,Saarbrücken Airport,Saarbrücken,DE,Matched
EDDS,STR,Stuttgart Airport,Stuttgart,DE,Matched
EDDV,HAJ,Hannover Airport,Hannover,DE,Matched
EDDW,BRE,Bremen Airport,Bremen,DE,Matched
EDFE,,Frankfurt-Egelsbach Airport,Egelsbach,DE,Matched
EDFH,HHN,Frankfurt-Hahn Airport,Frankfurt am Main (Lautzenhausen),DE,Matched
EDFM,MHG,Mannheim-City Airport,Mannheim,DE,Matched
EDFZ,,Mainz-Finthen Airfield,Mainz,DE,Matched
EDGE,EIB,Eisenach-Kindel Airport,Hörselberg-Hainich,DE,Matched
EDGS,SGE,Siegerland Airport,Burbach,DE,Matched
EDHI,XFW,Hamburg-Finkenwerder Airport,Hamburg,DE,Matched
EDHK,KEL,Kiel-Holtenau Airport,Kiel,DE,Matched
EDHL,LBC,Lübeck Blankensee Airport,Lübeck,DE,Matched
EDJA,FMM,Memmingen Allgau Airport,Memmingen,DE,Matched
EDLN,MGL,Mönchengladbach Airport,Mönchengladbach,DE,Matched
EDLP,PAD,Paderborn Lippstadt Airport,Büren,DE,Matched
EDLV,NRN,Weeze (Niederrhein) Airport,Weeze,DE,Matched
EDLW,DTM,Dortmund Airport,Dortmund,DE,Matched
EDMA,AGB,Augsburg Airport,Augsburg,DE,Matched
EDMO,OBF,Oberpfaffenhofen Airport,Weßling,DE,Matched
EDNY,FDH,Bodensee Airport Friedrichshafen,Friedrichshafen,DE,Matched
EDQA,,Bamberg-Breitenau Airfield,Bamberg,DE,Matched
EDQD,BYU,Bayreuth Airport,Bindlach,DE,Matched
EDQM,HOQ,Hof-Plauen Airport,Hof,DE,Matched
EDSB,FKB,Karlsruhe Baden-Baden Airport,Rheinmünster,DE,Matched
EDTD,,Donaueschingen-Villingen Airfield,Donaueschingen,DE,Matched
EDTL,LHA,Lahr Airport,Lahr/Schwarzwald,DE,Matched
EDTY,,Adolf Würth Airport,Schwäbisch Hall,DE,Matched
EDUZ,,Zerbst Airfield,Straguth,DE,Matched
EDVE,BWE,Braunschweig-Wolfsburg Airport,Braunschweig,DE,Matched
EDVK,KSF,Kassel Airport,Calden,DE,Matched
EDXW,GWT,Westerland Sylt Airport,Sylt,DE,Matched
EEEI,,Ämari Air Base,Keila,EE,Matched
EEKA,KDL,Kärdla Airport,Kärdla,EE,Matched
EEKE,URE,Kuressaare Airport,Kuressaare,EE,Matched
EEPU,EPU,Pärnu Airport,Pärnu,EE,Matched
EETN,TLL,Lennart Meri Tallinn Airport,Tallinn,EE,Matched
EETU,TAY,Tartu Airport,Tartu,EE,Matched
EFET,ENF,Enontekio Airport,Enontekio,FI,Matched
EFHA,KEV,Halli Airport,Jämsä,FI,Matched
EFHK,HEL,Helsinki Vantaa Airport,Helsinki (Vantaa),FI,Matched
EFIT,KTQ,Kitee Airport,Kitee,FI,Matched
EFJO,JOE,Joensuu Airport,Joensuu,FI,Matched
EFJY,JYV,Jyväskylä Airport,Jyväskylän Maalaiskunta,FI,Matched
EFKA,KAU,Kauhava Airfield,Kauhava,FI,Matched
EFKI,KAJ,Kajaani Airport,Kajaani,FI,Matched
EFKJ,KHJ,Kauhajoki Airfield,Kauhajoki,FI,Matched
EFKK,KOK,Kokkola-Pietarsaari Airport,Kokkola / Kruunupyy,FI,Matched
EFKS,KAO,Kuusamo Airport,Kuusamo,FI,Matched
EFKU,KUO,Kuopio Airport,Kuopio / Siilinjärvi,FI,Matched
EFLP,LPP,Lappeenranta Airport,Lappeenranta,FI,Matched
EFMA,MHQ,Mariehamn Airport,Mariehamn,FI,Matched
EFMI,MIK,Mikkeli Airport,Mikkeli,FI,Matched
EFOU,OUL,Oulu Airport,Oulu / Oulunsalo,FI,Matched
EFPO,POR,Pori Airport,Pori,FI,Matched
EFPR,,Helsinki East-Redstone Aerodrome,Helsinki (Pyhtää),FI,Matched
EFSA,SVL,Savonlinna Airport,Savonlinna,FI,Matched
EFSI,SJY,Seinäjoki Airport,Seinäjoki / Ilmajoki,FI,Matched
EFTP,TMP,Tampere-Pirkkala Airport,Tampere / Pirkkala,FI,Matched
EFTU,TKU,Turku Airport,Turku,FI,Matched
EFUT,UTI,Utti Air Base,Utti / Valkeala,FI,Matched
EFVA,VAA,Vaasa Airport,Vaasa,FI,Matched
EFVR,VRK,Varkaus Airport,Varkaus / Joroinen,FI,Matched
EFYL,YLI,Ylivieska Airfield,Ylivieska,FI,Matched
EG-0003,,Bilbeis 2 Airfield,Bilbeis,EG,Matched
EGAA,BFS,Belfast International Airport,Belfast,GB,Matched
EGAB,ENK,Enniskillen/St Angelo Airport,"Enniskillen, Fermanagh and Omagh",GB,Matched
EGAC,BHD,George Best Belfast City Airport,Belfast,GB,Matched
EGAE,LDY,City of Derry Airport,"Derry, Derry and Strabane",GB,Matched
EGBB,BHX,Birmingham Airport,"Birmingham, West Midlands",GB,Matched
EGBE,,Coventry Airport,"Coventry, West Midlands",GB,Matched
EGBJ,GLO,Gloucestershire Airport,"Staverton, Gloucestershire",GB,Matched
EGBN,NQT,Nottingham City Airport,"Nottingham, Nottinghamshire",GB,Matched
EGCC,MAN,Manchester Airport,"Manchester, Greater Manchester",GB,Matched
EGDC,,Royal Marines Base Chivenor,Chivenor,GB,Matched
EGDM,,MoD Boscombe Down,"Salisbury, Wiltshire",GB,Matched
EGDR,,RNAS Culdrose,Helston,GB,Matched
EGDX,,MOD St Athan,"St Athan, Vale of Glamorgan",GB,Matched
EGDY,YEO,RNAS Yeovilton,"Yeovil, Somerset",GB,Matched
EGEC,CAL,Campbeltown Airport,Campbeltown,GB,Matched
EGED,EOI,Eday Airport,Eday,GB,Matched
EGFE,HAW,Haverfordwest Airport,Haverfordwest,GB,Matched
EGFF,CWL,Cardiff International Airport,Cardiff,GB,Matched
EGFH,SWS,Swansea Airport,Swansea,GB,Matched
EGGD,BRS,Bristol Airport,Bristol,GB,Matched
EGGP,LPL,Liverpool John Lennon Airport,Liverpool,GB,Matched
EGGW,LTN,London Luton Airport,"Luton, Luton",GB,Matched
EGHH,BOH,Bournemouth Airport,Bournemouth,GB,Matched
EGHI,SOU,Southampton Airport,Southampton,GB,Matched
EGHL,,Lasham Airfield,"Alton, Hampshire",GB,Matched
EGHQ,NQY,Cornwall Airport Newquay,Newquay,GB,Matched
EGJA,ACI,Alderney Airport,Saint Anne,GG,Matched
EGJB,GCI,Guernsey Airport,Saint Peter Port,GG,Matched
EGJJ,JER,Jersey Airport,St. Peter,JE,Matched
EGKA,ESH,Brighton City Airport,"Brighton, East Sussex",GB,Matched
EGKB,BQH,London Biggin Hill Airport,London,GB,Matched
EGKK,LGW,London Gatwick Airport,London,GB,Matched
EGLC,LCY,London City Airport,London,GB,Matched
EGLF,FAB,Farnborough Airport,"Farnborough, Hampshire",GB,Matched
EGLK,BBS,Blackbushe Airport,"Camberley, Surrey",GB,Matched
EGLL,LHR,London Heathrow Airport,London,GB,Matched
EGMC,SEN,London Southend Airport,"Southend-on-Sea, Essex",GB,Matched
EGMD,LYX,Lydd London Ashford Airport,"Romney Marsh, Kent",GB,Matched
EGNC,CAX,Carlisle Lake District Airport,"Carlisle, Cumbria",GB,Matched
EGNH,BLK,Blackpool Airport,Blackpool,GB,Matched
EGNJ,HUY,Humberside Airport,"Grimsby, Lincolnshire",GB,Matched
EGNL,BWF,Barrow Walney Island Airport,Barrow-in-Furness,GB,Matched
EGNM,LBA,Leeds Bradford Airport,"Leeds, West Yorkshire",GB,Matched
EGNO,WRT,Warton Aerodrome,Warton,GB,Matched
EGNR,CEG,Hawarden Airport,Broughton,GB,Matched
EGNS,IOM,Isle of Man Airport,Castletown,IM,Matched
EGNT,NCL,Newcastle International Airport,"Newcastle upon Tyne, Tyne and Wear",GB,Matched
EGNV,MME,Teesside International Airport,"Darlington, Durham",GB,Matched
EGNX,EMA,East Midlands Airport,"Nottingham, Leicestershire",GB,Matched
EGOM,,RAF Spadeadam,Spadeadam,GB,Matched
EGOS,,RAF Shawbury,"Shrewsbury, Shropshire",GB,Matched
EGOV,VLY,Anglesey Airport,Angelsey,GB,Matched
EGPA,KOI,Kirkwall Airport,"Kirkwall, Orkney Islands",GB,Matched
EGPB,LSI,Sumburgh Airport,"Lerwick, Shetland",GB,Matched
EGPC,WIC,Wick John O'Groats Airport,Wick,GB,Matched
EGPD,ABZ,Aberdeen International Airport,Aberdeen,GB,Matched
EGPE,INV,Inverness Airport,Inverness,GB,Matched
EGPF,GLA,Glasgow Airport,Glasgow,GB,Matched
EGPH,EDI,Edinburgh Airport,"Ingliston, Edinburgh",GB,Matched
EGPI,ILY,Islay Airport,"Isle of Islay, Argyll and Bute",GB,Matched
EGPK,PIK,Glasgow Prestwick Airport,"Prestwick, South Ayrshire",GB,Matched
EGPL,BEB,Benbecula Airport,Balivanich,GB,Matched
EGPN,DND,Dundee Airport,Dundee,GB,Matched
EGPO,SYY,Stornoway Airport,"Stornoway, Western Isles",GB,Matched
EGPU,TRE,Tiree Airport,"Balemartine, Argyll and Bute",GB,Matched
EGQL,ADX,Leuchars Station Airfield,"Leuchars, Fife",GB,Matched
EGQS,LMO,RAF Lossiemouth,"Lossiemouth, Moray",GB,Matched
EGSC,CBG,Cambridge City Airport,"Cambridge, Cambridgeshire",GB,Matched
EGSH,NWI,Norwich Airport,"Norwich, Norfolk",GB,Matched
EGSS,STN,London Stansted Airport,"London, Essex",GB,Matched
EGTC,,Cranfield Airport,"Cranfield, Central Bedfordshire",GB,Matched
EGTE,EXT,Exeter International Airport,"Exeter, Devon",GB,Matched
EGTK,OXF,London Oxford Airport,"Kidlington, Oxfordshire",GB,Matched
EGUB,BEX,RAF Benson,"Wallingford, Oxfordshire",GB,Matched
EGUL,LKZ,RAF Lakenheath,"Brandon, Suffolk",GB,Matched
EGUN,MHZ,RAF Mildenhall,"Bury Saint Edmunds, Suffolk",GB,Matched
EGUW,,Wattisham Airfield,"Ipswich, Suffolk",GB,Matched
EGVA,FFD,RAF Fairford,"Fairford, Gloucestershire",GB,Matched
EGVN,BZZ,RAF Brize Norton,"Carterton, Oxfordshire",GB,Matched
EGVO,ODH,RAF Odiham,"Hook, Hampshire",GB,Matched
EGWC,,RAF Cosford,"Cosford, Shropshire",GB,Matched
EGWU,NHT,RAF Northolt,"Northolt, Greater London",GB,Matched
EGXC,QCY,RAF Coningsby,"Lincoln, Lincolnshire",GB,Matched
EGXE,,RAF Leeming,"Northallerton, North Yorkshire",GB,Matched
EGXG,,Leeds East Airport,"Tadcaster, North Yorkshire",GB,Matched
EGXH,BEQ,RAF Honington,"Bury Saint Edmunds, Suffolk",GB,Matched
EGXP,,,,,Unmatched
EGXT,,RAF Wittering,"Peterborough, Cambridgeshire",GB,Matched
EGXW,WTN,RAF Waddington,"Lincoln, Lincolnshire",GB,Matched
EGXZ,,RAF Topcliffe,"Thirsk, North Yorkshire",GB,Matched
EGYD,,RAF Cranwell,"Sleaford, Lincolnshire",GB,Matched
EGYE,,RAF Barkston Heath,"Grantham, Lincolnshire",GB,Matched
EGYM,KNF,RAF Marham,"King's Lynn, Norfolk",GB,Matched
EHAM,AMS,Amsterdam Airport Schiphol,Amsterdam,NL,Matched
EHBD,,Kempen Airport Budel,Weert,NL,Matched
EHBK,MST,Maastricht Aachen Airport,Maastricht,NL,Matched
EHDL,,Deelen Air Base,Arnhem,NL,Matched
EHEH,EIN,Eindhoven Airport,Eindhoven,NL,Matched
EHGG,GRQ,Groningen Airport Eelde,Groningen,NL,Matched
EHGR,GLZ,Gilze Rijen Air Base,Rijen,NL,Matched
EHKD,DHR,De Kooy Airfield / Den Helder Naval Air Station,Den Helder,NL,Matched
EHLE,LEY,Lelystad Airport,Lelystad,NL,Matched
EHLW,LWR,Leeuwarden Air Base,Leeuwarden,NL,Matched
EHRD,RTM,Rotterdam The Hague Airport,Rotterdam,NL,Matched
EHTW,ENS,Twente Airport,Enschede,NL,Matched
EHVK,UDE,Volkel Air Base,Uden,NL,Matched
EHWO,WOE,Woensdrecht Air Base,Hoogerheide,NL,Matched
EICK,ORK,Cork International Airport,Cork,IE,Matched
EICM,,Galway Airport,Galway,IE,Matched
EIDL,CFN,Donegal Airport,Donegal,IE,Matched
EIDW,DUB,Dublin Airport,Dublin,IE,Matched
EIKN,NOC,Ireland West Airport Knock,Charlestown,IE,Matched
EIKY,KIR,Kerry Airport,Farranfore,IE,Matched
EIME,,Casement Air Base,Baldonnel,IE,Matched
EINN,SNN,Shannon Airport,Shannon,IE,Matched
EISG,SXL,Sligo Airport,Sligo,IE,Matched
EIWF,WAT,Waterford Airport,Waterford,IE,Matched
EIWT,,Weston Airport,Leixlip,IE,Matched
EKAH,AAR,Aarhus Airport,Aarhus,DK,Matched
EKBI,BLL,Billund Airport,Billund,DK,Matched
EKCH,CPH,Copenhagen Kastrup Airport,Copenhagen,DK,Matched
EKEB,EBJ,Esbjerg Airport,Esbjerg,DK,Matched
EKKA,KRP,Midtjyllands Airport / Air Base Karup,Karup,DK,Matched
EKMB,MRW,Lolland Falster Maribo Airport,Rødby,DK,Matched
EKOD,ODE,Odense Hans Christian Andersen Airport,Odense,DK,Matched
EKRK,RKE,Copenhagen Roskilde Airport,Roskilde,DK,Matched
EKRN,RNN,Bornholm Airport,Rønne,DK,Matched
EKSB,SGD,Sønderborg Airport,Sønderborg,DK,Matched
EKSN,CNL,Sindal Airport,Sindal,DK,Matched
EKSP,SKS,Skrydstrup Air Base,Vojens,DK,Matched
EKSV,SQW,Skive Airport,Skive,DK,Matched
EKTS,TED,Thisted Airport,Thisted,DK,Matched
EKVD,,Kolding Vamdrup Airfield,Kolding / Vamdrup,DK,Matched
EKVJ,STA,Stauning Vestjylland  Airport,Skjern,DK,Matched
EKYT,AAL,Aalborg Airport,Aalborg,DK,Matched
ELLX,LUX,Luxembourg-Findel International Airport,Luxembourg,LU,Matched
ENAL,AES,Ålesund Airport,Ålesund,NO,Matched
ENBN,BNN,"Brønnøysund Airport, Brønnøy",Brønnøy,NO,Matched
ENBO,BOO,Bodø Airport,Bodø,NO,Matched
ENBR,BGO,"Bergen Airport, Flesland",Bergen,NO,Matched
ENCN,KRS,Kristiansand Airport,Kristiansand(Kjevik),NO,Matched
ENDU,BDU,Bardufoss Airport,Målselv,NO,Matched
ENEV,EVE,Harstad/Narvik Airport,Evenes,NO,Matched
ENFG,,"Fagernes Airport, Leirin",Fagernes,NO,Matched
ENFL,FRO,Florø Airport,Florø,NO,Matched
ENGM,OSL,Oslo-Gardermoen International Airport,Oslo (Gardermoen),NO,Matched
ENHD,HAU,"Haugesund Airport, Karmøy",Karmøy,NO,Matched
ENLK,LKN,Leknes Airport,Leknes,NO,Matched
ENMS,MJF,"Mosjøen Airport, Kjærstad",Mosjøen,NO,Matched
ENNO,NTB,Notodden Airport,Notodden,NO,Matched
ENOL,OLA,Ørland Airport,Ørland,NO,Matched
ENRA,MQN,"Mo i Rana Airport, Røssvoll",Mo i Rana,NO,Matched
ENRM,RVK,"Rørvik Airport, Ryum",Rørvik,NO,Matched
ENRO,RRS,Røros Airport,Røros,NO,Matched
ENRY,,"Moss Airport, Rygge",Oslo,NO,Matched
ENSH,SVJ,"Svolvær Airport, Helle",Svolvær,NO,Matched
ENSK,SKN,"Stokmarknes Airport, Skagen",Hadsel,NO,Matched
ENSN,,Skien Airport,Geiteryggen,NO,Matched
ENSO,SRP,"Stord Airport, Sørstokken",Leirvik,NO,Matched
ENST,SSJ,"Sandnessjøen Airport, Stokka",Alstahaug,NO,Matched
ENTO,TRF,"Sandefjord Airport, Torp",Sandefjord(Torp),NO,Matched
ENVA,TRD,"Trondheim Airport, Værnes",Trondheim,NO,Matched
ENZV,SVG,"Stavanger Airport, Sola",Stavanger,NO,Matched
EPBY,BZG,Ignacy Jan Paderewski Bydgoszcz Airport,Bydgoszcz,PL,Matched
EPCE,,Cewice Naval Air Base,Siemirowice,PL,Matched
EPDE,,Deblin Military Air Base,Dęblin,PL,Matched
EPGD,GDN,Gdańsk Lech Wałęsa Airport,Gdańsk,PL,Matched
EPIR,,Inowroclaw Military Air Base,,PL,Matched
EPKK,KRK,Kraków John Paul II International Airport,Balice,PL,Matched
EPKS,,Krzesiny Military Air Base,Poznań,PL,Matched
EPKT,KTW,Katowice Wojciech Korfanty International Airport,Katowice,PL,Matched
EPLB,LUZ,Lublin Airport,Lublin,PL,Matched
EPLK,,Łask Air Base,Łask,PL,Matched
EPLL,LCJ,Łódź Władysław Reymont Airport,Łódź,PL,Matched
EPLY,,Leźnica Wielka Air Base,Leźnica Wielka,PL,Matched
EPMB,,Malbork Królewo Air Base,Królewo,PL,Matched
EPMI,,Miroslawiec Military Air Base,Mirosławiec,PL,Matched
EPMM,,Minsk Mazowiecki Military Air Base,,PL,Matched
EPMO,WMI,Warsaw Modlin Airport,Nowy Dwór Mazowiecki,PL,Matched
EPOK,,Oksywie Air Base / Gdynia-Kosakowo Airfield,Kosakowo,PL,Matched
EPPO,POZ,Poznań-Ławica Airport,Poznań,PL,Matched
EPPW,,Powidz Military Air Base,Powidz,PL,Matched
EPRA,RDO,Warsaw Radom Airport,Radom,PL,Matched
EPRZ,RZE,Rzeszów-Jasionka Airport,Jasionka,PL,Matched
EPSC,SZZ,Solidarity Szczecin–Goleniów Airport,Szczecin(Glewice),PL,Matched
EPSN,,Swidwin Military Air Base,,PL,Matched
EPSY,SZY,Olsztyn-Mazury Airport,Szymany,PL,Matched
EPTM,,Tomaszów Mazowiecki Military Air Base,Nowy Glinnik,PL,Matched
EPWA,WAW,Warsaw Chopin Airport,Warsaw,PL,Matched
EPWR,WRO,Copernicus Wrocław Airport,Wrocław,PL,Matched
EPZG,IEG,Zielona Góra-Babimost Airport,Nowe Kramsko,PL,Matched
ES-0109,,Folgueroles Airfield,Folgueroles,ES,Matched
ESCF,,Malmen Air Base,Linköping,SE,Matched
ESDF,RNB,Ronneby Airport,Ronneby,SE,Matched
ESFR,,Råda Air Base,Råda,SE,Matched
ESGG,GOT,Göteborg Landvetter Airport,Göteborg,SE,Matched
ESGJ,JKG,Jönköping Airport,Jönköping,SE,Matched
ESGP,GSE,Säve Airport,Göteborg,SE,Matched
ESGR,KVB,Skövde Airport,Skövde,SE,Matched
ESGT,THN,Trollhättan-Vänersborg Airport,Trollhättan,SE,Matched
ESIB,,Såtenäs Air Base,Såtenäs,SE,Matched
ESKK,KSK,Karlskoga Airport,Karlskoga,SE,Matched
ESKM,MXX,Mora Airport,Mora,SE,Matched
ESKN,NYO,Stockholm Skavsta Airport,Nyköping,SE,Matched
ESKS,SCR,Scandinavian Mountains Airport,Malung-Sälen,SE,Matched
ESMK,KID,Kristianstad Airport,Kristianstad,SE,Matched
ESMQ,KLR,Kalmar Airport,Kalmar,SE,Matched
ESMS,MMX,Malmö Sturup Airport,Malmö,SE,Matched
ESMT,HAD,Halmstad Airport,Halmstad,SE,Matched
ESMX,VXO,Växjö Kronoberg Airport,Växjö,SE,Matched
ESNK,KRF,Kramfors-Sollefteå Höga Kusten Airport,Nyland,SE,Matched
ESNL,LYC,Lycksele Airport,Lycksele,SE,Matched
ESNN,SDL,Sundsvall-Härnösand Airport,Sundsvall/ Härnösand,SE,Matched
ESNO,OER,Örnsköldsvik Airport,Örnsköldsvik,SE,Matched
ESNS,SFT,Skellefteå Airport,Skellefteå,SE,Matched
ESNU,UME,Umeå Airport,Umeå,SE,Matched
ESNV,VHM,Vilhelmina South Lapland Airport,Vilhelmina,SE,Matched
ESNX,AJR,Arvidsjaur Airport,Arvidsjaur,SE,Matched
ESNY,SOO,Söderhamn Airport,Söderhamn,SE,Matched
ESNZ,OSD,Åre Östersund Airport,Östersund,SE,Matched
ESOE,ORB,Örebro Airport,Örebro,SE,Matched
ESOK,KSD,Karlstad Airport,Karlstad,SE,Matched
ESOW,VST,Stockholm Västerås Airport,Stockholm / Västerås,SE,Matched
ESPA,LLA,Luleå Airport,Luleå,SE,Matched
ESSA,ARN,Stockholm-Arlanda Airport,Stockholm,SE,Matched
ESSB,BMA,Stockholm-Bromma Airport,Stockholm,SE,Matched
ESSD,BLE,Dala Airport,Borlange,SE,Matched
ESSK,,Gävle Sandviken Airport,Gävle / Sandviken,SE,Matched
ESSL,LPI,Linköping City Airport,Linköping,SE,Matched
ESSP,NRK,Norrköping Airport,Norrköping,SE,Matched
ESST,TYF,Torsby Airport,Torsby,SE,Matched
ESSU,EKT,Eskilstuna Airport,Eskilstuna,SE,Matched
ESSV,VBY,Visby Airport,Visby,SE,Matched
ESTA,AGH,Ängelholm-Helsingborg Airport,Ängelholm,SE,Matched
ESTL,,Ljungbyhed Airfield,Ljungbyhed,SE,Matched
ESUD,SQO,Storuman Airport,Storuman,SE,Matched
ETAD,SPM,Spangdahlem Air Base,Trier,DE,Matched
ETAR,RMS,Ramstein Air Base,Ramstein-Miesenbach,DE,Matched
ETHB,,Bückeburg Air Base,Bückeburg,DE,Matched
ETHC,,Celle Army Airfield,Celle,DE,Matched
ETHF,FRZ,Fritzlar Army Airfield,Fritzlar,DE,Matched
ETHL,,Laupheim Air Base,Laupheim,DE,Matched
ETHN,,Niederstetten Army Air Base,Niederstetten,DE,Matched
ETHS,,Faßberg Air Base,Faßberg,DE,Matched
ETIC,,Grafenwöhr Army Air Field,Grafenwöhr,DE,Matched
ETIH,,Hohenfels Army Airfield,Hohenfels,DE,Matched
ETMN,FCN,Sea-Airport Cuxhaven/Nordholz / Nordholz Naval Airbase,Wurster Nordseeküste,DE,Matched
ETND,,Diepholz Air Base,Diepholz,DE,Matched
ETNG,GKE,Geilenkirchen Air Base,Geilenkirchen,DE,Matched
ETNH,,Hohn Air Base,Hohn,DE,Matched
ETNL,RLG,Rostock-Laage Airport,Laage,DE,Matched
ETNN,,Nörvenich Air Base,Nörvenich,DE,Matched
ETNS,WBG,Schleswig Air Base,Jagel,DE,Matched
ETNT,,Wittmundhafen Air Base,Wittmund,DE,Matched
ETNW,,Wunstorf Air Base,,DE,Matched
ETOU,WIE,Wiesbaden Army Airfield,Wiesbaden,DE,Matched
ETSB,,Büchel Air Base,Alflen,DE,Matched
ETSH,,Holzdorf Air Base,Holzdorf,DE,Matched
ETSI,IGS,Ingolstadt Manching Airport,Manching,DE,Matched
ETSL,,Lechfeld Air Base,Graben,DE,Matched
ETSN,,Neuburg Air Base,Neuburg an der Donau,DE,Matched
EVDA,,,,,Unmatched
EVKA,,Jēkabpils Air Base,Jēkabpils,LV,Matched
EVLA,LPX,Liepāja International Airport,Liepāja,LV,Matched
EVRA,RIX,Riga International Airport,Riga,LV,Matched
EVTA,,Jūrmala Airport,Tukums,LV,Matched
EYKA,KUN,Kaunas International Airport,Kaunas,LT,Matched
EYKD,,Kėdainiai Air Base,Kėdainiai,LT,Matched
EYPA,PLQ,Palanga International Airport,Palanga,LT,Matched
EYPP,PNV,Panevėžys Air Base,Panevėžys,LT,Matched
EYSA,SQQ,Šiauliai International Airport,Šiauliai,LT,Matched
EYSB,,Barysiai Airfield,Šiauliai,LT,Matched
EYVI,VNO,Vilnius International Airport,Vilnius,LT,Matched
GCFV,FUE,Fuerteventura Airport,El Matorral,ES,Matched
GCHI,VDE,El Hierro Airport,El Hierro Island,ES,Matched
GCLA,SPC,La Palma Airport,"Sta Cruz de la Palma, La Palma Island",ES,Matched
GCLP,LPA,Gran Canaria Airport,Gran Canaria Island,ES,Matched
GCRR,ACE,César Manrique-Lanzarote Airport,San Bartolomé,ES,Matched
GCTS,TFS,Tenerife Sur Airport,Tenerife,ES,Matched
GCXO,TFN,Tenerife Norte-Ciudad de La Laguna Airport,Tenerife,ES,Matched
GE-0007,,Ozurgeti Air Base,Ozurgeti,GE,Matched
GE-0010,,Senaki Air Base,Senaki,GE,Matched
GEML,MLN,Melilla Airport,Melilla,ES,Matched
GMFM,MEK,Bassatine Airport,Meknes,MA,Matched
GMFO,OUD,Oujda Angads Airport,Ahl Angad,MA,Matched
GMME,RBA,Rabat-Salé Airport,Rabat,MA,Matched
GMMN,CMN,Mohammed V International Airport,Casablanca,MA,Matched
GMMW,NDR,Nador Al Aaroui International Airport,Al Aaroui,MA,Matched
GMMX,RAK,Marrakesh Menara Airport,Marrakesh,MA,Matched
GMMY,NNA,Kenitra Air Base,Kenitra,MA,Matched
GMTA,AHU,Cherif Al Idrissi Airport,Al Hoceima,MA,Matched
GMTN,TTU,Sania Ramel Airport,Tétouan,MA,Matched
GMTT,TNG,Tangier Ibn Battuta Airport,Tangier,MA,Matched
HE16,,Birma Air Base,Tanta,EG,Matched
HE28,,Gebel El Basur Air Base,Markaz Ad Delingat,EG,Matched
HE32,,Al Mansurah Airbase,Mansoura,EG,Matched
HE36,RDL,Bardawil International Airport,El Hassana,EG,Matched
HE37,,Bilbeis Air Base,Bilbeis,EG,Matched
HE42,,Quesna Airport,Quesna,EG,Matched
HEAL,DBB,El Alamein International Airport,El Alamein,EG,Matched
HEAR,AAC,El Arish International Airport,El Arish,EG,Matched
HEAT,ATZ,Asyut International Airport,Asyut,EG,Matched
HEAZ,,Almaza Air Force Base,El Nozha,EG,Matched
HEBA,HBE,Alexandria International Airport,Alexandria,EG,Matched
HEBS,,Bani Sweif Air Base,Bani Sweif,EG,Matched
HECA,CAI,Cairo International Airport,Cairo,EG,Matched
HECP,CCE,Capital International Airport,New Cairo,EG,Matched
HECW,,Cairo West Air Base,Cairo,EG,Matched
HEGN,HRG,Hurghada International Airport,Hurghada,EG,Matched
HEGR,EGH,El Jora Airport,El Jora,EG,Matched
HEGS,,Jiyanklis Air Base,Abu El Matamir,EG,Matched
HEIS,,Al Ismailiyya Air Base,Al Ismailiyya,EG,Matched
HEMM,MUH,Mersa Matruh International Airport,Marsa Matruh,EG,Matched
HEPS,PSD,Port Said International Airport,Port Said,EG,Matched
HESC,SKV,Saint Catherine International Airport,Saint Catherine,EG,Matched
HESH,SSH,Sharm El Sheikh International Airport,Sharm El Sheikh,EG,Matched
HESX,SPX,Sphinx International Airport,Al Jiza,EG,Matched
HETB,TCP,Taba International Airport,Taba,EG,Matched
HL77,,Okba Ibn Nafa Air Base,,LY,Matched
HLGD,SRX,Sirt International Airport / Ghardabiya Airbase,Sirt,LY,Matched
HLLB,BEN,Benina International Airport,Benina,LY,Matched
HLLM,MJI,Mitiga International Airport,Tripoli,LY,Matched
HU-0002,,Kalocsa-Foktő Airfield,Kalocsa,HU,Matched
IQ-0017,,H2 Air Base,,IQ,Matched
IQ-0024,,Jalibah Southeast Air Base,Jalibah,IQ,Matched
IQ-0030,,Kut Al Hayy East Air Base,,IQ,Matched
IQ-0034,,Qalat Salih Air Base,,IQ,Matched
IQ-0039,,Rasheed Air Base,Baghdad,IQ,Matched
IQ-0040,,Ruwayshid Air Base,,IQ,Matched
IQ-0042,,Sahl Sinjar Air Base,,IQ,Matched
JO-0002,,King Feisal Air Base,Al-Jafr,JO,Matched
LAKV,,Kuçovë Air Base,Kuçovë,AL,Matched
LATI,TIA,Tirana International Airport Mother Teresa,Rinas,AL,Matched
LBBG,BOJ,Burgas Airport,Burgas,BG,Matched
LBGO,GOZ,Gorna Oryahovitsa Airport,Gorna Oryahovitsa,BG,Matched
LBPD,PDV,Plovdiv International Airport,Plovdiv,BG,Matched
LBPG,,Graf Ignatievo Air Base,Graf Ignatievo,BG,Matched
LBPL,,Dolna Mitropoliya Air Base,Dolna Mitropoliya,BG,Matched
LBSF,SOF,Sofia Airport,Sofia,BG,Matched
LBWB,,Balchik Airfield,Balchik,BG,Matched
LBWN,VAR,Varna Airport,Varna,BG,Matched
LCEN,ECN,Ercan International Airport,Tymbou (Kirklar),CY,Matched
LCLK,LCA,Larnaca International Airport,Larnaca,CY,Matched
LCPH,PFO,Paphos International Airport,Paphos,CY,Matched
LCRA,AKT,RAF Akrotiri,Akrotiri,CY,Matched
LDDU,DBV,Dubrovnik Ruđer Bošković Airport,Dubrovnik,HR,Matched
LDOS,OSI,Osijek Airport,Osijek(Klisa),HR,Matched
LDPL,PUY,Pula Airport,Pula,HR,Matched
LDRI,RJK,Rijeka Airport,Rijeka(Omišalj),HR,Matched
LDSB,BWK,Brač Airport,Gornji Humac,HR,Matched
LDSP,SPU,Split Saint Jerome Airport,Split,HR,Matched
LDZA,ZAG,Zagreb Franjo Tuđman International Airport,Velika Gorica,HR,Matched
LDZD,ZAD,Zadar Airport,Zadar,HR,Matched
LEAB,ABC,Albacete Airport / Los Llanos Air Base,Albacete,ES,Matched
LEAL,ALC,Alicante-Elche Miguel Hernández Airport,Alicante,ES,Matched
LEAM,LEI,Almería Airport,Almería,ES,Matched
LEAS,OVD,Asturias Airport,Ranón,ES,Matched
LEBA,ODB,Córdoba Airport,Córdoba,ES,Matched
LEBB,BIO,Bilbao Airport,Bilbao,ES,Matched
LEBG,RGS,Burgos Airport,Burgos,ES,Matched
LEBL,BCN,Josep Tarradellas Barcelona-El Prat Airport,Barcelona,ES,Matched
LEBZ,BJZ,Badajoz Airport,Badajoz,ES,Matched
LECH,CDT,Castellón-Costa Azahar Airport,Castellón de la Plana,ES,Matched
LECO,LCG,A Coruña Airport,Culleredo,ES,Matched
LECU,,Madrid-Cuatro Vientos Airport,Madrid,ES,Matched
LEDA,ILD,Lleida-Alguaire Airport,Lleida,ES,Matched
LEGA,,Armilla Air Base,Armilla,ES,Matched
LEGE,GRO,Girona-Costa Brava Airport,Girona,ES,Matched
LEGR,GRX,F.G.L. Airport Granada-Jaén Airport,Granada,ES,Matched
LEGT,,Getafe Air Base,Getafe,ES,Matched
LEIB,IBZ,Ibiza Airport,Ibiza (Eivissa),ES,Matched
LEJR,XRY,Jerez Airport,Jerez de la Frontera,ES,Matched
LELC,,San Javier Airport,San Javier,ES,Matched
LELN,LEN,León Airport,La Virgen del Camino,ES,Matched
LELO,RJL,Logroño-Agoncillo Airport,Logroño,ES,Matched
LEMD,MAD,Adolfo Suárez Madrid–Barajas Airport,Madrid,ES,Matched
LEMG,AGP,Málaga-Costa del Sol Airport,Málaga,ES,Matched
LEMH,MAH,Menorca Airport,Mahón (Maó),ES,Matched
LEMI,RMU,Region of Murcia International Airport,Corvera,ES,Matched
LEMO,OZP,Moron Air Base,Morón,ES,Matched
LEPA,PMI,Palma de Mallorca Airport,Palma de Mallorca,ES,Matched
LEPP,PNA,Pamplona Airport,Pamplona,ES,Matched
LERI,,Alcantarilla Air Base,Alcantarilla,ES,Matched
LERS,REU,Reus Airport,Reus,ES,Matched
LERT,ROZ,Rota Naval Station Airport,Rota,ES,Matched
LESA,SLM,Salamanca Airport,Salamanca,ES,Matched
LESO,EAS,San Sebastián Airport,Hondarribia,ES,Matched
LEST,SCQ,Santiago-Rosalía de Castro Airport,Santiago de Compostela,ES,Matched
LETL,TEV,Teruel Airport,Teruel,ES,Matched
LETO,TOJ,Madrid–Torrejón Airport / Torrejón Air Base,Madrid,ES,Matched
LEVC,VLC,Valencia Airport,Valencia,ES,Matched
LEVD,VLL,Valladolid Airport,Valladolid,ES,Matched
LEVT,VIT,Vitoria Airport,Alava,ES,Matched
LEVX,VGO,Vigo Airport,Vigo,ES,Matched
LEXJ,SDR,Seve Ballesteros-Santander Airport,Santander,ES,Matched
LEZG,ZAZ,Zaragoza Airport,Zaragoza,ES,Matched
LEZL,SVQ,Seville Airport,Seville,ES,Matched
LFAC,CQF,Calais Marck Airport,Calais,FR,Matched
LFAG,,Péronne Saint-Quentin Airfield,"Monchy-Lagache, Somme",FR,Matched
LFAT,LTQ,Le Touquet-Côte d'Opale Airport,Le Touquet-Paris-Plage,FR,Matched
LFAV,,Valenciennes-Denain Airfield,Prouvy,FR,Matched
LFAY,,Amiens Glisy Airfield,Amiens,FR,Matched
LFBA,AGF,Agen La Garenne airport,Agen,FR,Matched
LFBC,,Cazaux (BA 120) Air Base,Cazaux (La Teste-de-Buch),FR,Matched
LFBD,BOD,Bordeaux–Mérignac Airport,Bordeaux,FR,Matched
LFBE,EGC,Bergerac Dordogne-Périgord airport,Bergerac,FR,Matched
LFBF,,Toulouse-Francazal (BA 101) Air Base,"Toulouse/Francazal, Haute-Garonne",FR,Matched
LFBG,CNG,Cognac-Châteaubernard (BA 709) Air Base,Cognac/Châteaubernard,FR,Matched
LFBH,LRH,La Rochelle Île de Ré Airport,La Rochelle,FR,Matched
LFBI,PIS,Poitiers-Biard Airport,Poitiers/Biard,FR,Matched
LFBK,MCU,Montluçon-Guéret Airport,"Lépaud, Creuse",FR,Matched
LFBL,LIG,Limoges Airport,Limoges/Bellegarde,FR,Matched
LFBM,,Mont-de-Marsan (BA 118) Air Base,Mont-de-Marsan,FR,Matched
LFBN,NIT,Niort - Marais Poitevin Airport,Niort/Souché,FR,Matched
LFBO,TLS,Toulouse-Blagnac Airport,Toulouse/Blagnac,FR,Matched
LFBP,PUF,Pau Pyrénées Airport,Pau/Pyrénées (Uzein),FR,Matched
LFBT,LDE,Tarbes-Lourdes-Pyrénées Airport,Tarbes/Lourdes/Pyrénées,FR,Matched
LFBU,ANG,Angoulême Brie-Champniers airport,Angoulême,FR,Matched
LFBX,PGX,Périgueux-Bassillac Airport,Périgueux/Bassillac,FR,Matched
LFBZ,BIQ,Biarritz Pays Basque airport,Biarritz,FR,Matched
LFCC,ZAO,Cahors Lalbenque airport,Cahors,FR,Matched
LFCG,,Aérodrome de Saint-Girons - Antichan,Saint-Girons/Antichan,FR,Matched
LFCH,,Aérodrome d'Arcachon-La Teste-de-Buch,Arcachon/La Teste-de-Buch,FR,Matched
LFCI,LBI,Albi Le Sequestre airport,Albi,FR,Matched
LFCK,DCM,Castres Mazamet Airport,Castres,FR,Matched
LFCR,RDZ,Rodez–Aveyron Airport,Rodez/Marcillac,FR,Matched
LFCY,RYN,Royan-Médis Airport,Royan/Médis,FR,Matched
LFDH,,Auch Gers Airfield,Auch,FR,Matched
LFDN,RCO,Rochefort-Saint-Agnant (BA 721) Airport,Rochefort/Saint-Agnant,FR,Matched
LFGA,CMR,Colmar Houssen airport,Colmar,FR,Matched
LFGJ,DLE,Dole Tavaux Airport,Dole,FR,Matched
LFGW,,Verdun-Le Rozelier Airfield,"Sommedieue, Meuse",FR,Matched
LFHO,OBS,Aubenas-South Ardèche Airport,"Lanas, Ardèche",FR,Matched
LFHP,LPY,Le Puy-Loudes Airfield,"Chaspuzac, Haute-Loire",FR,Matched
LFJL,ETZ,Metz-Nancy-Lorraine Airport,Goin,FR,Matched
LFJR,ANE,Angers Marcé airport,Angers,FR,Matched
LFKB,BIA,Bastia-Poretta International airport,Bastia,FR,Matched
LFKC,CLY,Calvi Sainte Catherine Airport,Calvi,FR,Matched
LFKF,FSC,Figari Sud-Corse Airport,Figari,FR,Matched
LFKJ,AJA,Ajaccio Napoléon Bonaparte airport,Ajaccio,FR,Matched
LFKS,SOZ,Solenzara (BA 126) Air Base,Solenzara,FR,Matched
LFLA,AUF,Auxerre Branches airport,Auxerre,FR,Matched
LFLB,CMF,Chambéry Aix les Bains airport,Chambéry,FR,Matched
LFLC,CFE,Clermont-Ferrand Auvergne airport,Clermont-Ferrand,FR,Matched
LFLD,BOU,Bourges airport,Bourges,FR,Matched
LFLH,,Chalon Champforgeuil Airfield,Châlon sur Saône,FR,Matched
LFLI,,Annemasse Airfield,Annemasse,FR,Matched
LFLL,LYS,Lyon Saint-Exupéry Airport,"Colombier-Saugnieu, Rhône",FR,Matched
LFLM,,Mâcon-Charnay Airfield,"Charnay-lès-Mâcon, Saône-et-Loire",FR,Matched
LFLN,SYT,Saint-Yan Airport,"L'Hôpital-le-Mercier, Saône-et-Loire",FR,Matched
LFLO,RNE,Roanne-Renaison Airport,Saint-Léger-sur-Roanne,FR,Matched
LFLP,NCY,Annecy Meythet airport,Annecy,FR,Matched
LFLS,GNB,Grenoble Alpes Isère Airport,Grenoble,FR,Matched
LFLU,VAF,Valence-Chabeuil Airport,"Chabeuil, Drôme",FR,Matched
LFLV,VHY,Vichy-Charmeil Airport,"Charmeil, Allier",FR,Matched
LFLW,AUR,Aurillac airport,Aurillac,FR,Matched
LFLX,CHR,Châteauroux Déols airport,Châteauroux,FR,Matched
LFLY,LYN,Lyon Bron Airport,"Chassieu, Lyon",FR,Matched
LFMC,,Le Luc-Le Cannet Airfield,"Le Cannet-des-Maures, Var",FR,Matched
LFMD,CEQ,Cannes Mandelieu Airport,Cannes,FR,Matched
LFMH,EBU,Saint-Étienne-Bouthéon Airport,"Andrézieux-Bouthéon, Loire",FR,Matched
LFMI,,Istres-Le Tubé Air Base,"Istres, Bouches-du-Rhône",FR,Matched
LFMK,CCF,Carcassonne Salvaza Airport,Carcassonne,FR,Matched
LFML,MRS,Marseille Provence Airport,"Marignane, Bouches-du-Rhône",FR,Matched
LFMN,NCE,Nice-Côte d'Azur Airport,"Nice, Alpes-Maritimes",FR,Matched
LFMO,,Orange-Caritat (BA 115) Air Base,"Orange, Vaucluse",FR,Matched
LFMP,PGF,Perpignan-Rivesaltes (Llabanère) Airport,Perpignan/Rivesaltes,FR,Matched
LFMQ,CTT,Le Castellet Airport,"Le Castellet, Var",FR,Matched
LFMS,,Aérodrome d'Alès Cévennes,Alès/Deaux,FR,Matched
LFMT,MPL,Montpellier-Méditerranée Airport,Montpellier/Méditerranée,FR,Matched
LFMU,BZR,Béziers Vias airport,Béziers,FR,Matched
LFMV,AVN,Avignon Caumont airport,Avignon,FR,Matched
LFMY,,Salon-de-Provence (BA 701) Air Base,Salon,FR,Matched
LFNB,MEN,Mende-Brenoux Airfield,Mende/Brénoux,FR,Matched
LFOA,,Avord (BA 702) Air Base,Avord,FR,Matched
LFOB,BVA,Beauvais-Tillé airport,Beauvais,FR,Matched
LFOC,,Châteaudun Airfield,"Châteaudun, Eure-et-Loir",FR,Matched
LFOE,EVX,Évreux-Fauville (BA 105) Air Base,"Fauville, Eure",FR,Matched
LFOH,LEH,Le Havre-Octeville Airport,Le Havre,FR,Matched
LFOI,,Abbeville-Buigny Baie de Somme Airfield,Buigny-Saint-Maclou,FR,Matched
LFOJ,,Orléans-Bricy (BA 123) Air Base,"Boulay-les-Barres, Loiret",FR,Matched
LFOK,XCR,Chalons Vatry airport,Chalons en Champagne,FR,Matched
LFOP,URO,Rouen Vallée de Seine Airport,Boos,FR,Matched
LFOT,TUF,Tours Val de Loire Airport,"Tours, Indre-et-Loire",FR,Matched
LFOV,LVA,Laval-Entrammes Airport,"Laval, Mayenne",FR,Matched
LFPB,LBG,Paris-Le Bourget International Airport,Paris,FR,Matched
LFPC,CSF,Creil Air Base,Creil,FR,Matched
LFPG,CDG,Charles de Gaulle International Airport,"Paris (Roissy-en-France, Val-d'Oise)",FR,Matched
LFPM,,Melun-Villaroche Airfield,"Moissy-Cramayel, Seine-et-Marne",FR,Matched
LFPN,TNF,Toussus-le-Noble Airport,"Toussus-le-Noble, Yvelines",FR,Matched
LFPO,ORY,Paris-Orly Airport,"Paris (Orly, Val-de-Marne)",FR,Matched
LFPT,POX,Pontoise-Cormeilles Aerodrome,"Cormeilles-en-Vexin, Val-d'Oise",FR,Matched
LFPV,VIY,Vélizy-Villacoublay Air Base,"Vélizy-Villacoublay, Yvelines",FR,Matched
LFQB,,Troyes-Barberey Airport,"Barberey-Saint-Sulpice, Aube",FR,Matched
LFQE,,Lieutenant Étienne Mantoux Air Base,Rouvres-en-Woëvre,FR,Matched
LFQG,NVS,Nevers-Fourchambault Airport,"Marzy, Nièvre",FR,Matched
LFQP,,Phalsbourg-Bourscheid Air Base,Bourscheid,FR,Matched
LFQQ,LIL,Lille Airport,Lesquin,FR,Matched
LFQT,HZB,Merville-Calonne Airport,"Merville, Nord",FR,Matched
LFQV,,Charleville-Mézières Ardennes-Etienne Riché Airfield,Charleville-Mézières,FR,Matched
LFQW,,Vesoul-Frotey Airfield,"Frotey-lès-Vesoul, Haute-Saône",FR,Matched
LFRB,BES,Brest Bretagne airport,Brest,FR,Matched
LFRC,CER,Cherbourg Manche airport,Cherbourg,FR,Matched
LFRD,DNR,Dinard Pleurtuit Saint-Malo airport,Dinard,FR,Matched
LFRE,LBY,La Baule-Escoublac Airport,La Baule-Escoublac,FR,Matched
LFRF,GFR,Granville Airport,"Bréville-sur-Mer, Manche",FR,Matched
LFRG,DOL,Deauville Normandie airport,Deauville,FR,Matched
LFRH,LRT,Lorient South Brittany (Bretagne Sud) Airport,Lorient/Lann/Bihoué,FR,Matched
LFRI,EDM,La Roche-sur-Yon Les Ajoncs Airport,La Roche-sur-Yon,FR,Matched
LFRJ,LDV,Landivisiau Air Base,Landivisiau,FR,Matched
LFRK,CFR,Caen Carpiquet airport,Caen,FR,Matched
LFRL,,Lanvéoc-Poulmic Air Base,Lanvéoc/Poulmic,FR,Matched
LFRM,LME,Le Mans-Arnage Airport,"Le Mans, Sarthe",FR,Matched
LFRN,RNS,Rennes-Saint-Jacques Airport,"Saint-Jacques-de-la-Lande, Ille-et-Vilaine",FR,Matched
LFRO,LAI,Lannion Airport,Lannion,FR,Matched
LFRQ,UIP,Quimper-Cornouaille Airport,Quimper/Pluguffan,FR,Matched
LFRS,NTE,Nantes Atlantique Airport,Nantes,FR,Matched
LFRT,SBK,Saint-Brieuc-Armor Airport,"Trémuson, Côtes-d'Armor",FR,Matched
LFRU,MXN,Morlaix-Ploujean Airport,Morlaix/Ploujean,FR,Matched
LFRV,VNE,Vannes-Meucon Airport,Vannes/Meucon,FR,Matched
LFRZ,SNR,Saint-Nazaire-Montoir Airport,Saint-Nazaire/Montoir,FR,Matched
LFSB,BSL,EuroAirport Basel–Mulhouse–Freiburg,Bâle / Mulhouse,FR,Matched
LFSD,DIJ,Dijon Longvic airport,Dijon,FR,Matched
LFSG,EPL,Épinal Mirecourt Airport,Épinal,FR,Matched
LFSI,,Saint-Dizier – Robinson Air Base,Saint-Dizier,FR,Matched
LFSL,BVE,Brive Souillac airport,Brive,FR,Matched
LFSM,,Montbéliard-Courcelles Airfield,Courcelles-lès-Montbéliard,FR,Matched
LFSN,ENC,Nancy-Essey Airport,"Tomblaine, Meurthe-et-Moselle",FR,Matched
LFSO,,Nancy-Ochey (BA 133) Air Base,Thuilley-aux-Groseilles,FR,Matched
LFST,SXB,Strasbourg Airport,Strasbourg,FR,Matched
LFSX,,Luxeuil-Saint-Sauveur (BA 116) Air Base,Saint-Sauveur,FR,Matched
LFTH,TLN,Toulon-Hyères Airport,"Hyères, Var",FR,Matched
LFTO,,,,,Unmatched
LFTW,FNI,Nîmes-Arles-Camargue Airport,Nîmes/Garons,FR,Matched
LFXA,,Ambérieu Air Base (BA 278),Ambérieu,FR,Matched
LGAD,PYR,Andravida Air Base,Andravida,GR,Matched
LGAL,AXD,Alexandroupoli Democritus Airport,Alexandroupolis,GR,Matched
LGAV,ATH,Athens Eleftherios Venizelos International Airport,Spata-Artemida,GR,Matched
LGBL,VOL,Nea Anchialos National Airport,Nea Anchialos,GR,Matched
LGEL,,Elefsis Air Base,Elefsina,GR,Matched
LGHI,JKH,Chios Island National Airport,Chios Island,GR,Matched
LGIO,IOA,Ioannina King Pyrrhus National Airport,Ioannina,GR,Matched
LGIR,HER,Heraklion International Nikos Kazantzakis Airport,Heraklion,GR,Matched
LGKF,EFL,Kefallinia Airport,Kefallinia Island,GR,Matched
LGKL,KLX,Kalamata Airport,Kalamata,GR,Matched
LGKO,KGS,"Kos International Airport ""Ippokratis""",Kos Island,GR,Matched
LGKP,AOK,Karpathos Airport,Karpathos Island,GR,Matched
LGKR,CFU,Corfu Ioannis Kapodistrias International Airport,Kerkyra (Corfu),GR,Matched
LGKV,KVA,Kavala Alexander the Great International Airport,Kavala,GR,Matched
LGKZ,KZI,Kozani National Airport Filippos,Kozani,GR,Matched
LGMK,JMK,Mykonos Island National Airport,Mykonos,GR,Matched
LGMT,MJT,Mytilene International Airport,Mytilene,GR,Matched
LGPZ,PVK,Aktion National Airport,Preveza,GR,Matched
LGRP,RHO,"Rhodes International Airport ""Diagoras""",Rhodes,GR,Matched
LGRX,GPA,Patras Araxos Agamemnon Airport,Patras,GR,Matched
LGSA,CHQ,Chania International Airport,Souda,GR,Matched
LGSK,JSI,Skiathos Island National Airport,Skiathos,GR,Matched
LGSM,SMI,Samos Airport,Samos Island,GR,Matched
LGSR,JTR,Santorini International Airport,Santorini Island,GR,Matched
LGST,JSH,Sitia Airport,Crete Island,GR,Matched
LGTG,,Tanagra Air Base,Tanagra,GR,Matched
LGTS,SKG,Thessaloniki Macedonia International Airport,Thessaloniki,GR,Matched
LGZA,ZTH,Zakynthos International Airport Dionysios Solomos,Zakynthos,GR,Matched
LHBP,BUD,Budapest Liszt Ferenc International Airport,Budapest,HU,Matched
LHDC,DEB,Debrecen International Airport,Debrecen,HU,Matched
LHKE,,Kecskemét Air Base,Kecskemét,HU,Matched
LHPP,PEV,Pécs-Pogány International Airport,Pécs,HU,Matched
LHPR,,Győr-Pér Airport,Győr,HU,Matched
LHSM,SOB,Hévíz–Balaton Airport,Sármellék,HU,Matched
LHSN,,Szolnok Air Base,Szolnok,HU,Matched
LHTA,,Taszár Air Base,Taszár,HU,Matched
LHTL,,Tököl Airport,Tököl,HU,Matched
LIBA,,Amendola Air Base,San Giovanni Rotondo (FG),IT,Matched
LIBC,CRV,Crotone Sant'Anna Pythagoras Airport,Isola di Capo Rizzuto (KR),IT,Matched
LIBD,BRI,Bari Karol Wojtyła International Airport,Bari,IT,Matched
LIBF,FOG,Foggia Gino Lisa Airport,Foggia (FG),IT,Matched
LIBG,TAR,Taranto-Grottaglie Marcello Arlotta Airport,Grottaglie,IT,Matched
LIBN,LCC,Lecce Galatina Air Base / Galatina Fortunato Cesari Airport,Galatina (LE),IT,Matched
LIBP,PSR,Abruzzo Airport,Pescara,IT,Matched
LIBR,BDS,Brindisi Airport,Brindisi,IT,Matched
LIBV,,Gioia del Colle Antonio Ramirez Air Base,Gioia del Colle (BA),IT,Matched
LICA,SUF,Lamezia Terme Sant'Eufemia International Airport,Lamezia Terme (CZ),IT,Matched
LICB,CIY,Comiso Airport,Comiso,IT,Matched
LICC,CTA,Catania-Fontanarossa Airport,Catania,IT,Matched
LICD,LMP,Lampedusa Airport,Lampedusa,IT,Matched
LICG,PNL,Pantelleria Airport,Pantelleria (TP),IT,Matched
LICJ,PMO,Falcone–Borsellino Airport,Palermo,IT,Matched
LICP,,Palermo-Boccadifalco Airport,Palermo,IT,Matched
LICR,REG,Reggio Calabria Airport,Reggio Calabria,IT,Matched
LICT,TPS,Vincenzo Florio Airport Trapani-Birgi,Trapani (TP),IT,Matched
LICZ,,Sigonella Navy Air Base,Sigonella (CT),IT,Matched
LIDT,,Trento-Mattarello Airport,Trento (TN),IT,Matched
LIEA,AHO,Alghero-Fertilia Airport,Alghero,IT,Matched
LIED,DCI,Decimomannu Air Base,Decimomannu,IT,Matched
LIEE,CAG,Cagliari Elmas Airport,Cagliari,IT,Matched
LIEO,OLB,Olbia Costa Smeralda Airport,Olbia (SS),IT,Matched
LIET,,Tortolì Airport,Arbatax,IT,Matched
LILE,,Biella-Cerrione Airfield,Cerrione (BI),IT,Matched
LILI,,Vercelli Airport,Vercelli (VC),IT,Matched
LILN,,Varese-Venegono Airport,Venegono Superiore (VA),IT,Matched
LIMA,,Torino-Aeritalia Airport,Torino (TO),IT,Matched
LIMC,MXP,Milan Malpensa International Airport,Ferno (VA),IT,Matched
LIME,BGY,Il Caravaggio International Airport,Orio al Serio (BG),IT,Matched
LIMF,TRN,Turin Airport,Caselle Torinese (TO),IT,Matched
LIMG,,Riviera Villanova d'Albenga International Airport,Villanova d'Albenga (SV),IT,Matched
LIMJ,GOA,Genoa Cristoforo Colombo Airport,Genova (GE),IT,Matched
LIML,LIN,Milano Linate Airport,Segrate (MI),IT,Matched
LIMN,,Cameri Air Base,Cameri (NO),IT,Matched
LIMP,PMF,Parma Airport,Parma (PR),IT,Matched
LIMR,,Novi Ligure Eugenio Mossi Airfield,Novi Ligure (AL),IT,Matched
LIMS,,Piacenza San Damiano Air Base,San Damiano (PC),IT,Matched
LIMW,AOT,Aosta Corrado Gex Airport,Saint-Christophe (AO),IT,Matched
LIMZ,CUF,Cuneo International Airport,Levaldigi (CN),IT,Matched
LIPA,AVB,Aviano Air Base,Aviano (PN),IT,Matched
LIPB,BZO,Bolzano Airport,Bolzano (BZ),IT,Matched
LIPC,,Cervia Air Base,Cervia (RA),IT,Matched
LIPE,BLQ,Bologna Guglielmo Marconi Airport,Bologna,IT,Matched
LIPH,TSF,Treviso Airport,Treviso (TV),IT,Matched
LIPI,,Udine-Rivolto Air Base,Codroipo (UD),IT,Matched
LIPK,FRL,Forlì-Luigi Ridolfi International Airport,Forlì (FC),IT,Matched
LIPL,,Ghedi Air Base,Ghedi (BS),IT,Matched
LIPO,VBS,Brescia Gabriele d'Annunzio Airport,Montichiari (BS),IT,Matched
LIPQ,TRS,Trieste Airport,Ronchi dei Legionari/Trieste,IT,Matched
LIPR,RMI,Federico Fellini International Airport,Rimini (RN),IT,Matched
LIPS,,Istrana Air Base,Istrana (TV),IT,Matched
LIPU,,Padova Gino Allegri Airfield,Padova (PD),IT,Matched
LIPX,VRN,Verona Villafranca Valerio Catullo Airport,Caselle (VR),IT,Matched
LIPY,AOI,Marche Airport,Falconara Marittima (AN),IT,Matched
LIPZ,VCE,Venice Marco Polo Airport,Venezia (VE),IT,Matched
LIQS,,Siena-Ampugnano Airport,Ampugnano (SI),IT,Matched
LIQW,,Sarzana-Luni Bartolomeo Arrigoni Airport,Sarzana (SP),IT,Matched
LIRA,CIA,Ciampino–G. B. Pastine International Airport,Rome,IT,Matched
LIRE,,Pratica di Mare Air Base,Pomezia (RM),IT,Matched
LIRF,FCO,Rome–Fiumicino Leonardo da Vinci International Airport,Rome,IT,Matched
LIRG,,Guidonia Air Base,Guidonia (RM),IT,Matched
LIRI,QSR,Salerno Costa d'Amalfi Airport,Salerno,IT,Matched
LIRJ,EBA,Marina di Campo Airport,Campo nell'Elba (LI),IT,Matched
LIRL,,Latina Air Base,Latina,IT,Matched
LIRM,,Grazzanise Air Base,Caserta,IT,Matched
LIRN,NAP,Naples International Airport,Napoli,IT,Matched
LIRP,PSA,Pisa International Airport,Pisa (PI),IT,Matched
LIRQ,FLR,"Florence Airport, Peretola",Firenze (FI),IT,Matched
LIRS,GRS,Grosseto Corrado Baccarini Air Base / Grosseto Airport,Grosseto (GR),IT,Matched
LIRU,,Rome Urbe Airport,Rome,IT,Matched
LIRV,,Viterbo Airport,Viterbo,IT,Matched
LIRZ,PEG,Perugia San Francesco d'Assisi – Umbria International Airport,Perugia (PG),IT,Matched
LJCE,,Cerklje ob Krki Air Base,Cerklje ob Krki,SI,Matched
LJLJ,LJU,Ljubljana Jože Pučnik Airport,Zgornji Brnik,SI,Matched
LJMB,MBX,Maribor Edvard Rusjan Airport,Maribor,SI,Matched
LJPZ,POW,Portorož Airport,Sečovlje,SI,Matched
LKCV,,Čáslav Air Base,Chotusice,CZ,Matched
LKKB,,Prague–Kbely Air Base,Prague,CZ,Matched
LKKU,UHE,Kunovice Airport,Uherské Hradiště,CZ,Matched
LKKV,KLV,Karlovy Vary Airport,Karlovy Vary,CZ,Matched
LKLN,,Plzeň-Líně Airport,Plzen,CZ,Matched
LKMT,OSR,Leoš Janáček Airport Ostrava,Mošnov,CZ,Matched
LKNA,,Náměšť Air Base,Sedlec,CZ,Matched
LKPD,PED,Pardubice Airport,Pardubice,CZ,Matched
LKPO,PRV,Přerov Air Base,Přerov,CZ,Matched
LKPR,PRG,Václav Havel Airport Prague,Prague,CZ,Matched
LKTB,BRQ,Brno-Tuřany Airport,Brno,CZ,Matched
LKVO,VOD,Vodochody Airport,Vodochody,CZ,Matched
LLBG,TLV,Ben Gurion International Airport,Tel Aviv,IL,Matched
LLEK,,Tel Nof Air Base,Rehovot,IL,Matched
LLER,ETM,Ramon International Airport,Eilat,IL,Matched
LLHA,HFA,Uri Michaeli Haifa International Airport,Haifa,IL,Matched
LLIB,RPN,Rosh Pina Airport,Rosh Pina,IL,Matched
LLMZ,MTZ,Bar Yehuda Airfield,Masada,IL,Matched
LLNV,VTM,Nevatim Air Base,Beersheba,IL,Matched
LLRD,,Ramat David Air Base,Haifa,IL,Matched
LLRM,,Ramon Air Base,Beersheba,IL,Matched
LMML,MLA,Malta International Airport,Valletta,MT,Matched
LOAN,,Wiener Neustadt East Airport,Wiener Neustadt,AT,Matched
LOWG,GRZ,Graz Airport,Feldkirchen bei Graz,AT,Matched
LOWI,INN,Innsbruck Airport,Innsbruck,AT,Matched
LOWK,KLU,Klagenfurt Airport,Klagenfurt am Wörthersee,AT,Matched
LOWL,LNZ,Linz-Hörsching Airport,Linz,AT,Matched
LOWS,SZG,Salzburg Airport,Salzburg,AT,Matched
LOWW,VIE,Vienna International Airport,Vienna,AT,Matched
LOXZ,,Hinterstoisser Air Base,Zeltweg,AT,Matched
LPAR,,Alverca Air Base,Vila Franca de Xira,PT,Matched
LPAZ,SMA,Santa Maria Airport,Vila do Porto,PT,Matched
LPBG,BGC,Bragança Airport,Bragança,PT,Matched
LPBJ,BYJ,Beja Airport / Airbase,Beja,PT,Matched
LPBR,,Braga Municipal Aerodrome,Braga,PT,Matched
LPCB,,Aerodromo de Castelo Branco,Castelo Branco,PT,Matched
LPCO,,Aerodromo Municipal de Coimbra,Coimbra,PT,Matched
LPCS,CAT,Cascais Airport,Cascais,PT,Matched
LPEV,,Évora Airfield,Évora,PT,Matched
LPFR,FAO,Faro - Gago Coutinho International Airport,Faro,PT,Matched
LPMA,FNC,Cristiano Ronaldo International Airport,Funchal,PT,Matched
LPMR,,Monte Real Air Base,,PT,Matched
LPMT,,Montijo Air Base,Montijo,PT,Matched
LPOV,,Ovar Air Base,Ovar,PT,Matched
LPPD,PDL,João Paulo II Airport,Ponta Delgada,PT,Matched
LPPM,PRM,Portimão Airport,Portimão,PT,Matched
LPPR,OPO,Francisco de Sá Carneiro Airport,Porto,PT,Matched
LPPS,PXO,Porto Santo Airport,Vila Baleira,PT,Matched
LPPT,LIS,Lisbon Humberto Delgado Airport,Lisbon,PT,Matched
LPSO,,Aeródromo Municipal de Ponte de Sor,Ponte de Sor,PT,Matched
LPST,,Sintra Air Base,Sintra,PT,Matched
LPTN,,Tancos Airbase,Tancos,PT,Matched
LPVL,,Vilar de Luz Airfield,Maia,PT,Matched
LPVR,VRL,Vila Real Airport,Vila Real,PT,Matched
LPVZ,VSE,Aerodromo Goncalves Lobato (Viseu Airport),Viseu,PT,Matched
LQBK,BNX,Banja Luka International Airport,Mahovljani,BA,Matched
LQMO,OMO,Mostar International Airport,Mostar,BA,Matched
LQTZ,TZL,Tuzla International Airport,Dubrave Gornje,BA,Matched
LR79,,Ianca Airfield,Ianca,RO,Matched
LR80,,Feteşti Borcea Air Base,Borcea,RO,Matched
LR82,,Boboc Air Base,Boboc,RO,Matched
LRAR,ARW,Arad International Airport,Arad,RO,Matched
LRBC,BCM,Bacău George Enescu International  Airport,Bacău,RO,Matched
LRBM,BAY,Maramureș International Airport,Tăuții-Măgherăuș,RO,Matched
LRBS,BBU,Bucharest Băneasa Aurel Vlaicu International Airport,Bucharest,RO,Matched
LRCK,CND,Mihail Kogălniceanu International Airport,Constanța,RO,Matched
LRCL,CLJ,Avram Iancu Cluj International Airport,Cluj-Napoca,RO,Matched
LRCS,CSB,Caransebeş Airport,Caransebeş,RO,Matched
LRCT,,Câmpia Turzii Air Base,Câmpia Turzii,RO,Matched
LRCV,CRA,Craiova International Airport,Craiova,RO,Matched
LRIA,IAS,Iaşi International Airport,Iaşi,RO,Matched
LROD,OMR,Oradea International Airport,Oradea,RO,Matched
LROP,OTP,Bucharest Henri Coandă International Airport,Otopeni,RO,Matched
LROV,,,,,Unmatched
LRSB,SBZ,Sibiu International Airport,Sibiu,RO,Matched
LRSM,SUJ,Satu Mare International Airport,Satu Mare,RO,Matched
LRSV,SCV,Suceava Ștefan cel Mare International Airport,Suceava,RO,Matched
LRTC,TCE,Tulcea Danube Delta Airport,Mihail Kogălniceanu,RO,Matched
LRTM,TGM,Târgu Mureş Transilvania International Airport,Recea,RO,Matched
LRTR,TSR,Timișoara Traian Vuia International Airport,Timişoara,RO,Matched
LSGC,,Les Eplatures Airport,La Chaux-de-Fonds,CH,Matched
LSGG,GVA,Geneva International Airport,Geneva,CH,Matched
LSGS,SIR,Sion Airport,Sion,CH,Matched
LSMA,,Alpnach Air Base,Alpnach,CH,Matched
LSMD,,Dübendorf Air Base,Zurich,CH,Matched
LSME,EML,Emmen Air Base,Emmen,CH,Matched
LSMP,VIP,Payerne Air Base,Payerne,CH,Matched
LSZA,LUG,Lugano Airport,Agno,CH,Matched
LSZB,BRN,Bern Airport,Bern,CH,Matched
LSZG,,Grenchen Airfield,Grenchen,CH,Matched
LSZH,ZRH,Zürich Airport,Zurich,CH,Matched
LSZR,ACH,Sankt Gallen Altenrhein Airport,St. Gallen,CH,Matched
LSZS,SMV,Engadin Airport,Samedan,CH,Matched
LTAC,ESB,Esenboğa International Airport,Ankara,TR,Matched
LTAD,ANK,Etimesgut Air Base,Ankara,TR,Matched
LTAE,,Akıncı Air Base,Ankara,TR,Matched
LTAF,ADA,Adana Şakirpaşa Airport,Seyhan,TR,Matched
LTAG,UAB,İncirlik Air Base,Sarıçam,TR,Matched
LTAH,AFY,Afyon Air Base,Afyonkarahisar,TR,Matched
LTAI,AYT,Antalya International Airport,Antalya,TR,Matched
LTAL,KFS,Kastamonu Airport,Kastamonu,TR,Matched
LTAN,KYA,Konya Airport,Konya,TR,Matched
LTAS,ONQ,Zonguldak Çaycuma Airport,Zonguldak,TR,Matched
LTAT,MLX,Malatya Erhaç Airport,Malatya,TR,Matched
LTAV,,Sivrihisar Airport,Sivrihisar,TR,Matched
LTAW,TJK,Tokat Airport,Tokat,TR,Matched
LTAY,DNZ,Çardak Airport,Denizli,TR,Matched
LTBA,ISL,İstanbul Atatürk Airport,Istanbul(Bakırköy),TR,Matched
LTBF,BZI,Balıkesir Airport,Balıkesir,TR,Matched
LTBG,BDM,Bandırma Airport,Bandırma,TR,Matched
LTBH,CKZ,Çanakkale Airport,Çanakkale,TR,Matched
LTBI,ESK,Eskişehir Air Base,Eskişehir,TR,Matched
LTBJ,ADB,Adnan Menderes International Airport,Gaziemir,TR,Matched
LTBL,IGL,Çiğli Airbase,Çiğli,TR,Matched
LTBO,USQ,Uşak Airport,Uşak,TR,Matched
LTBQ,KCO,Cengiz Topel Airport,Kartepe,TR,Matched
LTBR,YEI,Bursa Yenişehir Airport,Yenişehir,TR,Matched
LTBS,DLM,Dalaman International Airport,Dalaman,TR,Matched
LTBT,,Akhisar Airport / Akhisar Air Base,Akhisar,TR,Matched
LTBU,TEQ,Tekirdağ Çorlu Airport,Çorlu,TR,Matched
LTBX,,İstanbul Samandıra Army Air Base,"Ümraniye, Istanbul",TR,Matched
LTBY,AOE,Hasan Polatkan Airport,Eskişehir,TR,Matched
LTCA,EZS,Elazığ Airport,Elazığ,TR,Matched
LTCB,OGU,Ordu–Giresun Airport,Ordu,TR,Matched
LTCC,DIY,Diyarbakır Airport,Diyarbakır,TR,Matched
LTCD,ERC,Erzincan Airport,Erzincan,TR,Matched
LTCE,ERZ,Erzurum International Airport,Erzurum,TR,Matched
LTCF,KSY,Kars Airport,Kars,TR,Matched
LTCG,TZX,Trabzon International Airport,Trabzon,TR,Matched
LTCI,VAN,Van Ferit Melen Airport,Van,TR,Matched
LTCK,MSR,Muş Airport,Muş,TR,Matched
LTCM,NOP,Sinop Airport,Sinop,TR,Matched
LTCN,KCM,Kahramanmaraş Airport,Kahramanmaraş,TR,Matched
LTCO,AJI,Ağrı Airport,Ağrı,TR,Matched
LTCT,IGD,Iğdır Airport,Iğdır,TR,Matched
LTCW,YKO,Hakkari Yüksekova Airport,Hakkari,TR,Matched
LTDA,HTY,Hatay Airport,Antakya,TR,Matched
LTFC,ISE,Süleyman Demirel International Airport,Isparta,TR,Matched
LTFD,EDO,Balıkesir Koca Seyit Airport,Edremit,TR,Matched
LTFE,BJV,Milas Bodrum International Airport,Bodrum,TR,Matched
LTFG,GZP,Gazipaşa-Alanya Airport,Gazipaşa,TR,Matched
LTFH,SZF,Samsun-Çarşamba Airport,Samsun,TR,Matched
LTFJ,SAW,Istanbul Sabiha Gökçen International Airport,"Pendik, Istanbul",TR,Matched
LTFM,IST,İstanbul Airport,Istanbul,TR,Matched
LUCH,,Cahul International Airport,Cahul,MD,Matched
LUKK,RMO,Chişinău International Airport,Chişinău,MD,Matched
LWSK,SKP,Skopje International Airport,Ilinden,MK,Matched
LXGB,GIB,Gibraltar Airport,Gibraltar,GI,Matched
LY88,,,,,Unmatched
LYBE,BEG,Belgrade Nikola Tesla Airport,Belgrade,RS,Matched
LYBT,BJY,Batajnica Air Base,Zemun,RS,Matched
LYKV,KVO,Morava Airport,Kraljevo,RS,Matched
LYNI,INI,Niš Constantine the Great Airport,Niš,RS,Matched
LYPG,TGD,Podgorica Airport / Podgorica Golubovci Airbase,Podgorica,ME,Matched
LYTV,TIV,Tivat Airport,Tivat,ME,Matched
LZIB,BTS,M. R. Štefánik Airport,Bratislava,SK,Matched
LZKZ,KSC,Košice International Airport,Košice,SK,Matched
LZMC,,Malacky/Kuchyňa Air Base,Kuchyňa,SK,Matched
LZPP,PZY,Piešťany Airport,Piešťany,SK,Matched
LZSL,SLD,Sliač Airport,Sliač,SK,Matched
LZTT,TAT,Poprad-Tatry Airport,Poprad,SK,Matched
LZZI,ILZ,Žilina-Dolný Hričov Airport,Dolný Hričov,SK,Matched
OEDF,DMM,King Fahd International Airport,Ad Dammam,SA,Matched
OEGT,URY,Gurayat Domestic Airport,Gurayat,SA,Matched
OEJB,,Jubail Airport,Jubail,SA,Matched
OEPA,AQI,Qaisumah–Hafar Al-Batin International Airport,Qaisumah,SA,Matched
OERM,,Ras Mishab Airport,Al Mishab,SA,Matched
OERR,RAE,Arar Domestic Airport,Arar,SA,Matched
OERT,,Ras Tanura Airport,Ras Tanura,SA,Matched
OETN,,Ras Tanajib Airport,As Saffaniyah,SA,Matched
OETR,TUI,Turaif Domestic Airport,Turaif,SA,Matched
OIAA,ABD,Abadan Ayatollah Jami International Airport,Abadan,IR,Matched
OIAM,MRX,Mahshahr Airport,Mahshahr,IR,Matched
OIAW,AWZ,Qasem Soleimani International Airport,Ahvaz,IR,Matched
OITU,IMQ,Maku National Airport,Showt,IR,Matched
OJAI,AMM,Queen Alia International Airport,Amman,JO,Matched
OJAM,ADJ,Marka International (Amman Civil) Airport,Amman,JO,Matched
OJAQ,AQJ,King Hussein International Airport,Aqaba,JO,Matched
OJMS,,Muwaffaq Salti Air Base,Al Azraq,JO,Matched
OKAJ,XIJ,Ahmed Al Jaber Air Base,Ahmed Al Jaber AB,KW,Matched
OKAS,,Ali Al Salem Air Base,Al Damaikhi,KW,Matched
OKBK,,,,,Unmatched
OLBA,BEY,Beirut Rafic Hariri International Airport,Beirut,LB,Matched
OLKA,KYE,Rene Mouawad Air Base,Tripoli,LB,Matched
OLRA,,Rayak Air Base,Rayak,LB,Matched
ORBI,BGW,Baghdad International Airport / New Al Muthana Air Base,Baghdad,IQ,Matched
ORMM,BSR,Basra International Airport,Basra,IQ,Matched
ORSU,ISU,Jalal Talabani International Airport,Sulaymaniyah,IQ,Matched
OS57,,Abu ad Duhur Air Base,Abu ad Duhur,SY,Matched
OS64,,An Nasiriyah Air Base,,SY,Matched
OS69,,Khalkhalah Air Base,Buraq,SY,Matched
OS70,,Al Qusayr Air Base,Al-Qusayr,SY,Matched
OSAP,ALP,Aleppo International Airport,Aleppo,SY,Matched
OSDI,DAM,Damascus International Airport,Damascus,SY,Matched
OSLK,LTK,Latakia International Airport,Latakia,SY,Matched
OSPR,PMS,Palmyra Airport,Tadmur,SY,Matched
RU-0001,,Levashovo Air Base,St. Petersburg,RU,Matched
RU-0015,,Khotilovo Air Base,Bologoye,RU,Matched
RU-0016,,Lipetsk Air Base,Lipetsk,RU,Matched
RU-0028,,Kaliningrad Chkalovsk Naval Air Base,Kaliningrad,RU,Matched
RU-0035,,,,,Unmatched
RU-0043,,Mius Airport,Sarov,RU,Matched
RU-0060,,Chernyakhovsk Naval Air Base,Chernyakhovsk,RU,Matched
RU-0064,,Ostrov Naval Air Base,Ostrov,RU,Matched
RU-0065,,Pribylovo Naval Air Base,Pribilovo,RU,Matched
RU-0128,,Budyonnovsk Air Base,Budyonnovsk,RU,Matched
RU-0152,,Mozdok Air Base,Mozdok,RU,Matched
RU-0217,,Sormovo Airfield,Nizhniy Novgorod,RU,Matched
RU-0240,,Seshcha Air Base,Dubrovka,RU,Matched
RU-0303,,Privolzhskiy Air Base,Astrakhan,RU,Matched
RU-0764,,Kubinka Air Base,Kubinka,RU,Matched
RU-3686,,Oreshkovo Airfield,Kaluga,RU,Matched
RU-3709,,Bagay-Baranovka Air Base,Sennoy,RU,Matched
RU-4609,,Shatalovo Air Base,Pochinok,RU,Matched
RU-5376,,Smuravyovo Air Base,Gdov,RU,Matched
RU-5672,,Ivanovo North Air Base,Ivanovo,RU,Matched
RU-6687,,Michurinsk Air Base,Michurinsk,RU,Matched
RU-8602,,Engels Air Base,Saratov,RU,Matched
RU-8709,,Dorokhovo Air Base,Bezhetsk,RU,Matched
RU-9345,,Krechevitsy Air Base,Novgorod,RU,Matched
RU-9937,,Rzhev Air Base,Rzhev,RU,Matched
RU-9942,,Shaykovka Air Base,Kirov,RU,Matched
TR-0004,,Temelli Air Base,Polatlı,TR,Matched
TR-0021,,Çukurhisar Airport,Alpu,TR,Matched
TR-0028,,Keşan Air Base,Keşan,TR,Matched
TR-0044,,,,,Unmatched
UA-0005,,Nizhyn Air Base,Nizhyn,UA,Matched
UA-0022,,Kacha Air Base,Kacha,UA,Matched
UA-0025,,Bila Tserkva Air Base,Bila Tserkva,UA,Matched
UA-0028,,Zhovtneve Air Base,Bolgrad,UA,Matched
UB13,,Khojaly Airport,Khojaly,AZ,Matched
UB14,,Kyurdamir Air Base,Kyurdamir,AZ,Matched
UBBG,GNJ,Ganja International Airport,Ganja,AZ,Matched
UBBN,NAJ,Nakhchivan International Airport,Nakhchivan,AZ,Matched
UBBQ,GBB,Gabala International Airport,Gabala,AZ,Matched
UBBY,ZTU,Zaqatala International Airport,Zaqatala,AZ,Matched
UDSG,LWN,Shirak International Airport,Gyumri,AM,Matched
UDYE,,Erebuni Airport,Yerevan,AM,Matched
UDYZ,EVN,Zvartnots International Airport,Yerevan,AM,Matched
UG0U,,Gudauta Air Base,Gudauta,GE,Matched
UG11,,Dollyar Air Base,Dollyar,AZ,Matched
UG22,,Tbilisi Marneuli Air Base,Tbilisi,GE,Matched
UG24,,Tbilisi Soganlug Air Base,Tbilisi,GE,Matched
UG27,,Vaziani Air Base,Gamarjveba 1,GE,Matched
UG28,,Bolshiye Shiraki Air Base,Bolshiye Shiraki,GE,Matched
UGAM,,Ambrolauri Airport,Ambrolauri,GE,Matched
UGKO,KUT,David the Builder Kutaisi International Airport,Kopitnari,GE,Matched
UGSB,BUS,Alexander Kartveli Batumi International Airport,Batumi,GE,Matched
UGSS,SUI,Vladislav Ardzinba Sukhum International Airport,Sukhumi,GE,Matched
UGTB,TBS,Tbilisi International Airport,Tbilisi,GE,Matched
UKFB,UKS,Sevastopol International Airport / Belbek Air Base,Sevastopol,UA,Matched
UKFF,SIP,Simferopol International Airport,Simferopol,UA,Matched
UKFI,,Saky Air Base,Novofedorivka,UA,Matched
UKKO,,Ozerne Air Base,Zhytomyr,UA,Matched
UKLH,HMJ,Khmelnytskyi Airport,Khmelnytskyi,UA,Matched
UKLI,IFO,Ivano-Frankivsk International Airport,Ivano-Frankivsk,UA,Matched
UKLL,LWO,Lviv International Airport,Lviv,UA,Matched
UKLR,RWN,Rivne International Airport,Rivne,UA,Matched
UKLU,UDJ,Uzhhorod International Airport,Uzhhorod,UA,Matched
UKOH,KHE,Kherson International Airport,Kherson,UA,Matched
UKON,NLV,Mykolaiv International Airport [CLOSED],Mykolaiv,UA,Matched
UKOO,ODS,Odesa International Airport,Odesa,UA,Matched
ULAA,ARH,Talagi Airport,Archangelsk,RU,Matched
ULAH,VKV,Vaskovo Airport,Arkhangelsk,RU,Matched
ULAK,,,,,Unmatched
ULBC,,,,,Unmatched
ULKK,KSZ,Kotlas Airport,Kotlas,RU,Matched
ULLI,LED,Pulkovo Airport,St. Petersburg,RU,Matched
ULLP,,Pushkin Airport,St. Petersburg,RU,Matched
ULMM,MMK,Emperor Nicholas II Murmansk Airport,Murmansk,RU,Matched
ULNR,,,,,Unmatched
ULOO,PKV,Princess Olga Pskov International Airport,Pskov,RU,Matched
ULPB,PES,Petrozavodsk Airport,Petrozavodsk,RU,Matched
ULPP,,Peski Airfield,Petrozavodsk,RU,Matched
ULWW,VGD,Vologda Airport,Vologda,RU,Matched
UMBB,BQT,Brest International Airport,Brest,BY,Matched
UMGG,GME,Gomel Airport,Gomel,BY,Matched
UMII,VTB,Vitebsk Vostochny Airport,Vitebsk,BY,Matched
UMKK,KGD,Khrabrovo Airport,Kaliningrad,RU,Matched
UMMA,,Baranavichi Air Base,Baranavichi,BY,Matched
UMMG,GNA,Hrodna Airport,Hrodna,BY,Matched
UMMS,MSQ,Minsk National Airport,Minsk,BY,Matched
UMNB,,Babruisk Air Base,Babruisk,BY,Matched
UMOO,MVQ,Mogilev Airport,Mogilev,BY,Matched
URKA,AAQ,Anapa Vityazevo Airport,Krasnyi Kurgan,RU,Matched
URKG,GDZ,Gelendzhik Airport,Gelendzhik,RU,Matched
URKH,,,,,Unmatched
URKK,KRR,Krasnodar Pashkovsky International Airport,Krasnodar,RU,Matched
URMG,GRV,Akhmat Kadyrov Grozny International Airport,Grozny,RU,Matched
URML,MCX,Makhachkala Uytash International Airport,Makhachkala,RU,Matched
URMM,MRV,Mineralnye Vody Airport,Mineralnyye Vody,RU,Matched
URMN,NAL,Nalchik Airport,Nalchik,RU,Matched
URMO,OGZ,Vladikavkaz Beslan International Airport,Beslan,RU,Matched
URMS,IGT,Magas Airport,Sunzha,RU,Matched
URMT,STW,Stavropol Shpakovskoye Airport,Stavropol,RU,Matched
URSS,AER,Sochi International Airport,Sochi,RU,Matched
URWA,ASF,Astrakhan Narimanovo Boris M. Kustodiev International Airport,Astrakhan,RU,Matched
URWI,ESL,Elista Airport,Elista,RU,Matched
URWW,VOG,Volgograd International Airport,Volgograd,RU,Matched
UUBC,KLF,Grabtsevo Airport,Kaluga,RU,Matched
UUBD,,,,,Unmatched
UUBI,IWA,Ivanovo South Airport,Ivanovo,RU,Matched
UUBK,RYB,Staroselye Airport,Rybinsk,RU,Matched
UUBL,,,,,Unmatched
UUBM,,,,,Unmatched
UUBP,BZK,Bryansk International Airport,Bryansk,RU,Matched
UUBW,ZIA,Zhukovsky International Airport,Moscow,RU,Matched
UUDD,DME,Domodedovo International Airport,Moscow,RU,Matched
UUEE,SVO,Sheremetyevo International Airport,Moscow,RU,Matched
UUEM,KLD,Migalovo Air Base,Tver,RU,Matched
UUMO,,Ostafyevo International Airport,Moscow,RU,Matched
UUMT,,Tretyakovo Airport,Lukhovitsy,RU,Matched
UUMU,CKL,Chkalovskiy Air Base,Moscow,RU,Matched
UUOO,VOZ,Voronezh International Airport,Voronezh,RU,Matched
UUOT,TBW,Donskoye Airport,Tambov,RU,Matched
UUWE,,,,,Unmatched
UUWW,VKO,Vnukovo International Airport,Moscow,RU,Matched
UWGG,GOJ,Nizhny Novgorod / Strigino International Airport,Nizhny Novgorod,RU,Matched
UWKD,KZN,Kazan International Airport,Kazan,RU,Matched
UWKG,,Borisoglebskoye Airport,Kazan,RU,Matched
UWKJ,JOK,Yoshkar-Ola Airport,Yoshkar-Ola,RU,Matched
UWKS,CSY,Cheboksary Airport,Cheboksary,RU,Matched
UWPP,PEZ,Penza Airport,Penza,RU,Matched
UWPS,SKX,Saransk International Airport,Saransk,RU,Matched
UWSB,BWO,Balakovo Airport,Balakovo,RU,Matched
UWSG,GSV,Gagarin International Airport,Saratov,RU,Matched
XLLL,,,,,Unmatched
XLMV,,,,,Unmatched
XUBS,,,,,Unmatched
Z19O,,Wujah Al Hajar Air Base,Hamat,LB,Matched
