offer_id,search_date,departure_date,origin_iata,destination_iata,route_identifier,airline_name,airline_iata,price_eur,currency,cabin_class,departure_time,arrival_time
off_0000BAAJWn9HlfXDxKv7wA,2026-09-07,2026-10-15,BER,PMI,EDDB-LEPA,British Airways,BA,88.71,EUR,economy,2026-10-15T10:50:00,2026-10-15T13:36:00
off_0000BAAJWn9HlfXDxKv7w3,2026-09-07,2026-10-15,BER,PMI,EDDB-LEPA,Iberia,IB,89.74,EUR,economy,2026-10-15T10:50:00,2026-10-15T13:36:00
off_0000BAAJWrpcMDm0TmkzTM,2026-09-07,2026-10-15,BER,PMI,EDDB-LEPA,Norwegian Air Sweden,D8,104.01,EUR,economy,2026-10-15T12:15:00,2026-10-15T13:50:00
off_0000BAAJWrts6PAygykO6i,2026-09-07,2026-10-15,BER,PMI,EDDB-LEPA,Eurowings,EW,125.09,EUR,economy,2026-10-15T10:10:00,2026-10-15T12:50:00
off_0000BAAJWrts6PAygykO6o,2026-09-07,2026-10-15,BER,PMI,EDDB-LEPA,Eurowings,EW,125.09,EUR,economy,2026-10-15T15:20:00,2026-10-15T18:00:00
off_0000BAAJWruE55SYi4ufes,2026-09-07,2026-10-15,BER,PMI,EDDB-LEPA,LOT Polish Airlines,LO,132.15,EUR,economy,2026-10-15T07:45:00,2026-10-15T08:55:00
off_0000BAAJWrua3lk8jB4xD2,2026-09-07,2026-10-15,BER,PMI,EDDB-LEPA,Eurowings,EW,149.01,EUR,economy,2026-10-15T08:40:00,2026-10-15T09:45:00
off_0000BAAJWoDZnCYrGvw4GP,2026-09-07,2026-10-15,BER,PMI,EDDB-LEPA,easyJet,U2,159.9,EUR,economy,2026-10-15T20:15:00,2026-10-15T23:00:00
off_0000BAAJWruE55SYi4ufez,2026-09-07,2026-10-15,BER,PMI,EDDB-LEPA,LOT Polish Airlines,LO,161.4,EUR,economy,2026-10-15T07:45:00,2026-10-15T08:55:00
off_0000BAAJWuFDO1R9xkkSeT,2026-09-07,2026-10-15,BER,PMI,EDDB-LEPA,SWISS,LX,165.33,EUR,economy,2026-10-15T15:00:00,2026-10-15T16:25:00
off_0000BAAJWuJT8Cq8AwjrHP,2026-09-07,2026-10-15,BER,PMI,EDDB-LEPA,SWISS,LX,165.33,EUR,economy,2026-10-15T09:25:00,2026-10-15T10:55:00
off_0000BAAJWuLF1cG2GRZH33,2026-09-07,2026-10-15,BER,PMI,EDDB-LEPA,SWISS,LX,165.33,EUR,economy,2026-10-15T07:15:00,2026-10-15T08:40:00
off_0000BAAJWuMIxf6mJk47hi,2026-09-07,2026-10-15,BER,PMI,EDDB-LEPA,SWISS,LX,165.33,EUR,economy,2026-10-15T07:15:00,2026-10-15T08:40:00
off_0000BAAJWuFvLO0Jzx51l6,2026-09-07,2026-10-15,BER,PMI,EDDB-LEPA,Austrian,OS,165.84,EUR,economy,2026-10-15T13:30:00,2026-10-15T14:45:00
off_0000BAAJWuN0v1fwLwOgnw,2026-09-07,2026-10-15,BER,PMI,EDDB-LEPA,Austrian,OS,165.84,EUR,economy,2026-10-15T07:00:00,2026-10-15T08:15:00
off_0000BAAJWuGdIkZU29ParQ,2026-09-07,2026-10-15,BER,PMI,EDDB-LEPA,Lufthansa,LH,167.59,EUR,economy,2026-10-15T12:50:00,2026-10-15T14:00:00
off_0000BAAJWuGzHQr43FZsPi,2026-09-07,2026-10-15,BER,PMI,EDDB-LEPA,Lufthansa,LH,167.59,EUR,economy,2026-10-15T10:50:00,2026-10-15T12:00:00
off_0000BAAJWuIPC9zO7eF0ce,2026-09-07,2026-10-15,BER,PMI,EDDB-LEPA,Lufthansa,LH,167.59,EUR,economy,2026-10-15T09:50:00,2026-10-15T11:00:00
off_0000BAAJWuJp6t7iC2u8pg,2026-09-07,2026-10-15,BER,PMI,EDDB-LEPA,Lufthansa,LH,167.59,EUR,economy,2026-10-15T08:50:00,2026-10-15T10:00:00
off_0000BAAJWuFZMhijyqukCo,2026-09-07,2026-10-15,BER,PMI,EDDB-LEPA,Lufthansa,LH,175.63,EUR,economy,2026-10-15T13:45:00,2026-10-15T14:55:00
off_0000BAAJWuHLG78e4Lk9xz,2026-09-07,2026-10-15,BER,PMI,EDDB-LEPA,Lufthansa,LH,175.63,EUR,economy,2026-10-15T10:45:00,2026-10-15T11:55:00
off_0000BAAJWuI3DTho6Y4j4V,2026-09-07,2026-10-15,BER,PMI,EDDB-LEPA,Lufthansa,LH,175.63,EUR,economy,2026-10-15T10:15:00,2026-10-15T11:25:00
off_0000BAAJWuIPC9zO7eF0d6,2026-09-07,2026-10-15,BER,PMI,EDDB-LEPA,Lufthansa,LH,175.63,EUR,economy,2026-10-15T09:45:00,2026-10-15T10:55:00
off_0000BAAJWuKB5ZPID94QO7,2026-09-07,2026-10-15,BER,PMI,EDDB-LEPA,Lufthansa,LH,175.63,EUR,economy,2026-10-15T08:15:00,2026-10-15T09:25:00
off_0000BAAJWuKt2vySFLOzUQ,2026-09-07,2026-10-15,BER,PMI,EDDB-LEPA,Lufthansa,LH,175.63,EUR,economy,2026-10-15T07:45:00,2026-10-15T08:55:00
off_0000BAAJWuLwyypCIdtq9M,2026-09-07,2026-10-15,BER,PMI,EDDB-LEPA,Lufthansa,LH,175.63,EUR,economy,2026-10-15T07:15:00,2026-10-15T08:25:00
off_0000BAAJWrr2GwuKYBQ7gm,2026-09-07,2026-10-15,BER,PMI,EDDB-LEPA,Norwegian Air Sweden,D8,177.14,EUR,economy,2026-10-15T12:15:00,2026-10-15T13:50:00
off_0000BAAJWruE55SYi4uff6,2026-09-07,2026-10-15,BER,PMI,EDDB-LEPA,LOT Polish Airlines,LO,186.35,EUR,economy,2026-10-15T07:45:00,2026-10-15T08:55:00
off_0000BAAJWuFDO1R9xkkSeM,2026-09-07,2026-10-15,BER,PMI,EDDB-LEPA,SWISS,LX,206.38,EUR,economy,2026-10-15T15:00:00,2026-10-15T16:25:00
off_0000BAAJWuJ79WYY9qZZjU,2026-09-07,2026-10-15,BER,PMI,EDDB-LEPA,SWISS,LX,206.38,EUR,economy,2026-10-15T09:25:00,2026-10-15T10:55:00
off_0000BAAJWuLF1cG2GRZH2j,2026-09-07,2026-10-15,BER,PMI,EDDB-LEPA,SWISS,LX,206.38,EUR,economy,2026-10-15T07:15:00,2026-10-15T08:40:00
off_0000BAAJWuMIxf6mJk47hX,2026-09-07,2026-10-15,BER,PMI,EDDB-LEPA,SWISS,LX,206.38,EUR,economy,2026-10-15T07:15:00,2026-10-15T08:40:00
off_0000BAAJWuN0v1fwLwOgoP,2026-09-07,2026-10-15,BER,PMI,EDDB-LEPA,SWISS,LX,206.38,EUR,economy,2026-10-15T06:50:00,2026-10-15T08:15:00
off_0000BAAJWuFvLO0Jzx51kz,2026-09-07,2026-10-15,BER,PMI,EDDB-LEPA,Austrian,OS,206.9,EUR,economy,2026-10-15T13:30:00,2026-10-15T14:45:00
off_0000BAAJWuMewLOMKqEPFp,2026-09-07,2026-10-15,BER,PMI,EDDB-LEPA,Austrian,OS,206.9,EUR,economy,2026-10-15T07:00:00,2026-10-15T08:15:00
off_0000BAAJWuGdIkZU29ParJ,2026-09-07,2026-10-15,BER,PMI,EDDB-LEPA,Lufthansa,LH,208.65,EUR,economy,2026-10-15T12:50:00,2026-10-15T14:00:00
off_0000BAAJWuGzHQr43FZsPb,2026-09-07,2026-10-15,BER,PMI,EDDB-LEPA,Lufthansa,LH,208.65,EUR,economy,2026-10-15T10:50:00,2026-10-15T12:00:00
off_0000BAAJWuI3DTho6Y4j4q,2026-09-07,2026-10-15,BER,PMI,EDDB-LEPA,Lufthansa,LH,208.65,EUR,economy,2026-10-15T09:50:00,2026-10-15T11:00:00
off_0000BAAJWuJT8Cq8AwjrHk,2026-09-07,2026-10-15,BER,PMI,EDDB-LEPA,Lufthansa,LH,208.65,EUR,economy,2026-10-15T08:50:00,2026-10-15T10:00:00
off_0000BAAJWuFZMhijyqukCh,2026-09-07,2026-10-15,BER,PMI,EDDB-LEPA,Lufthansa,LH,216.68,EUR,economy,2026-10-15T13:45:00,2026-10-15T14:55:00
off_0000BAAJWuHLG78e4Lk9xs,2026-09-07,2026-10-15,BER,PMI,EDDB-LEPA,Lufthansa,LH,216.68,EUR,economy,2026-10-15T10:45:00,2026-10-15T11:55:00
off_0000BAAJWuI3DTho6Y4j4O,2026-09-07,2026-10-15,BER,PMI,EDDB-LEPA,Lufthansa,LH,216.68,EUR,economy,2026-10-15T10:15:00,2026-10-15T11:25:00
off_0000BAAJWuIPC9zO7eF0cz,2026-09-07,2026-10-15,BER,PMI,EDDB-LEPA,Lufthansa,LH,216.68,EUR,economy,2026-10-15T09:45:00,2026-10-15T10:55:00
off_0000BAAJWuKB5ZPID94QO0,2026-09-07,2026-10-15,BER,PMI,EDDB-LEPA,Lufthansa,LH,216.68,EUR,economy,2026-10-15T08:15:00,2026-10-15T09:25:00
off_0000BAAJWuKX4FgsEFEhwM,2026-09-07,2026-10-15,BER,PMI,EDDB-LEPA,Lufthansa,LH,216.68,EUR,economy,2026-10-15T07:45:00,2026-10-15T08:55:00
off_0000BAAJWuLb0IXcHXjYbN,2026-09-07,2026-10-15,BER,PMI,EDDB-LEPA,Lufthansa,LH,216.68,EUR,economy,2026-10-15T07:15:00,2026-10-15T08:25:00
off_0000BAAJWoDZnCYrGvw4Gh,2026-09-07,2026-10-15,BER,PMI,EDDB-LEPA,easyJet,U2,219.29,EUR,economy,2026-10-15T20:15:00,2026-10-15T23:00:00
off_0000BAAJWrpyKu3aUsvH1n,2026-09-07,2026-10-15,BER,PMI,EDDB-LEPA,SAS,SK,225.23,EUR,economy,2026-10-15T21:25:00,2026-10-15T22:25:00
off_0000BAAJWrpyKu3aUsvH1u,2026-09-07,2026-10-15,BER,PMI,EDDB-LEPA,SAS,SK,225.23,EUR,economy,2026-10-15T14:35:00,2026-10-15T15:35:00
off_0000BAAJWuErPL9ZweaB68,2026-09-07,2026-10-15,BER,PMI,EDDB-LEPA,SWISS,LX,226.41,EUR,economy,2026-10-15T15:00:00,2026-10-15T16:25:00
off_0000BAAJWuJ79WYY9qZZjN,2026-09-07,2026-10-15,BER,PMI,EDDB-LEPA,SWISS,LX,226.41,EUR,economy,2026-10-15T09:25:00,2026-10-15T10:55:00
off_0000BAAJWuKt2vySFLOzUv,2026-09-07,2026-10-15,BER,PMI,EDDB-LEPA,SWISS,LX,226.41,EUR,economy,2026-10-15T07:15:00,2026-10-15T08:40:00
off_0000BAAJWuLwyypCIdtq9o,2026-09-07,2026-10-15,BER,PMI,EDDB-LEPA,SWISS,LX,226.41,EUR,economy,2026-10-15T07:15:00,2026-10-15T08:40:00
off_0000BAAJWuJ79WYY9qZZj9,2026-09-07,2026-10-15,BER,PMI,EDDB-LEPA,SWISS,LX,226.47,EUR,economy,2026-10-15T09:25:00,2026-10-15T10:55:00
off_0000BAAJWuFvLO0Jzx51ks,2026-09-07,2026-10-15,BER,PMI,EDDB-LEPA,Austrian,OS,226.92,EUR,economy,2026-10-15T13:30:00,2026-10-15T14:45:00
off_0000BAAJWuMIxf6mJk47iD,2026-09-07,2026-10-15,BER,PMI,EDDB-LEPA,Austrian,OS,226.92,EUR,economy,2026-10-15T07:00:00,2026-10-15T08:15:00
off_0000BAAJWuGHK4Hu13FJJC,2026-09-07,2026-10-15,BER,PMI,EDDB-LEPA,Lufthansa,LH,228.67,EUR,economy,2026-10-15T12:50:00,2026-10-15T14:00:00
off_0000BAAJWuGdIkZU29Pare,2026-09-07,2026-10-15,BER,PMI,EDDB-LEPA,Lufthansa,LH,228.67,EUR,economy,2026-10-15T10:50:00,2026-10-15T12:00:00
off_0000BAAJWuI3DTho6Y4j4j,2026-09-07,2026-10-15,BER,PMI,EDDB-LEPA,Lufthansa,LH,228.67,EUR,economy,2026-10-15T09:50:00,2026-10-15T11:00:00
off_0000BAAJWuJT8Cq8AwjrHd,2026-09-07,2026-10-15,BER,PMI,EDDB-LEPA,Lufthansa,LH,228.67,EUR,economy,2026-10-15T08:50:00,2026-10-15T10:00:00
off_0000BAAJWuFZMhijyqukCa,2026-09-07,2026-10-15,BER,PMI,EDDB-LEPA,Lufthansa,LH,236.71,EUR,economy,2026-10-15T13:45:00,2026-10-15T14:55:00
off_0000BAAJWuGzHQr43FZsPw,2026-09-07,2026-10-15,BER,PMI,EDDB-LEPA,Lufthansa,LH,236.71,EUR,economy,2026-10-15T10:45:00,2026-10-15T11:55:00
off_0000BAAJWuHhEnQE5RuRWa,2026-09-07,2026-10-15,BER,PMI,EDDB-LEPA,Lufthansa,LH,236.71,EUR,economy,2026-10-15T10:15:00,2026-10-15T11:25:00
off_0000BAAJWuIPC9zO7eF0cs,2026-09-07,2026-10-15,BER,PMI,EDDB-LEPA,Lufthansa,LH,236.71,EUR,economy,2026-10-15T09:45:00,2026-10-15T10:55:00
off_0000BAAJWuKB5ZPID94QNt,2026-09-07,2026-10-15,BER,PMI,EDDB-LEPA,Lufthansa,LH,236.71,EUR,economy,2026-10-15T08:15:00,2026-10-15T09:25:00
off_0000BAAJWuKX4FgsEFEhwE,2026-09-07,2026-10-15,BER,PMI,EDDB-LEPA,Lufthansa,LH,236.71,EUR,economy,2026-10-15T07:45:00,2026-10-15T08:55:00
off_0000BAAJWuLb0IXcHXjYb4,2026-09-07,2026-10-15,BER,PMI,EDDB-LEPA,Lufthansa,LH,236.71,EUR,economy,2026-10-15T07:15:00,2026-10-15T08:25:00
off_0000BAAJWuErPL9ZweaB61,2026-09-07,2026-10-15,BER,PMI,EDDB-LEPA,SWISS,LX,255.45,EUR,economy,2026-10-15T15:00:00,2026-10-15T16:25:00
off_0000BAAJWuJ79WYY9qZZjG,2026-09-07,2026-10-15,BER,PMI,EDDB-LEPA,SWISS,LX,255.45,EUR,economy,2026-10-15T09:25:00,2026-10-15T10:55:00
off_0000BAAJWuKt2vySFLOzUf,2026-09-07,2026-10-15,BER,PMI,EDDB-LEPA,SWISS,LX,255.45,EUR,economy,2026-10-15T07:15:00,2026-10-15T08:40:00
off_0000BAAJWuLwyypCIdtq9Z,2026-09-07,2026-10-15,BER,PMI,EDDB-LEPA,SWISS,LX,255.45,EUR,economy,2026-10-15T07:15:00,2026-10-15T08:40:00
off_0000BAAJWuN0v1fwLwOgoB,2026-09-07,2026-10-15,BER,PMI,EDDB-LEPA,SWISS,LX,255.45,EUR,economy,2026-10-15T06:50:00,2026-10-15T08:15:00
off_0000BAAJWuFZMhijyqukCv,2026-09-07,2026-10-15,BER,PMI,EDDB-LEPA,Austrian,OS,255.96,EUR,economy,2026-10-15T13:30:00,2026-10-15T14:45:00
off_0000BAAJWuMIxf6mJk47hz,2026-09-07,2026-10-15,BER,PMI,EDDB-LEPA,Austrian,OS,255.96,EUR,economy,2026-10-15T07:00:00,2026-10-15T08:15:00
off_0000BAAJWrqKJaLAVz5YaA,2026-09-07,2026-10-15,BER,PMI,EDDB-LEPA,SAS,SK,256.55,EUR,economy,2026-10-15T10:05:00,2026-10-15T11:05:00
off_0000BAAJWuGHK4Hu13FJJ5,2026-09-07,2026-10-15,BER,PMI,EDDB-LEPA,Lufthansa,LH,257.71,EUR,economy,2026-10-15T12:50:00,2026-10-15T14:00:00
off_0000BAAJWuGdIkZU29ParX,2026-09-07,2026-10-15,BER,PMI,EDDB-LEPA,Lufthansa,LH,257.71,EUR,economy,2026-10-15T10:50:00,2026-10-15T12:00:00
off_0000BAAJWuI3DTho6Y4j4c,2026-09-07,2026-10-15,BER,PMI,EDDB-LEPA,Lufthansa,LH,257.71,EUR,economy,2026-10-15T09:50:00,2026-10-15T11:00:00
off_0000BAAJWuJT8Cq8AwjrHW,2026-09-07,2026-10-15,BER,PMI,EDDB-LEPA,Lufthansa,LH,257.71,EUR,economy,2026-10-15T08:50:00,2026-10-15T10:00:00
off_0000BAAJWuHhEnQE5RuRWM,2026-09-07,2026-10-15,BER,PMI,EDDB-LEPA,SWISS,LX,265.43,EUR,economy,2026-10-15T10:25:00,2026-10-15T11:55:00
off_0000BAAJWuFDO1R9xkkSea,2026-09-07,2026-10-15,BER,PMI,EDDB-LEPA,Lufthansa,LH,265.74,EUR,economy,2026-10-15T13:45:00,2026-10-15T14:55:00
off_0000BAAJWuGzHQr43FZsPp,2026-09-07,2026-10-15,BER,PMI,EDDB-LEPA,Lufthansa,LH,265.74,EUR,economy,2026-10-15T10:45:00,2026-10-15T11:55:00
off_0000BAAJWuHhEnQE5RuRWT,2026-09-07,2026-10-15,BER,PMI,EDDB-LEPA,Lufthansa,LH,265.74,EUR,economy,2026-10-15T10:15:00,2026-10-15T11:25:00
off_0000BAAJWuIPC9zO7eF0cl,2026-09-07,2026-10-15,BER,PMI,EDDB-LEPA,Lufthansa,LH,265.74,EUR,economy,2026-10-15T09:45:00,2026-10-15T10:55:00
off_0000BAAJWuJp6t7iC2u8pn,2026-09-07,2026-10-15,BER,PMI,EDDB-LEPA,Lufthansa,LH,265.74,EUR,economy,2026-10-15T08:15:00,2026-10-15T09:25:00
off_0000BAAJWuKB5ZPID94QOE,2026-09-07,2026-10-15,BER,PMI,EDDB-LEPA,Lufthansa,LH,265.74,EUR,economy,2026-10-15T07:45:00,2026-10-15T08:55:00
off_0000BAAJWuLF1cG2GRZH3I,2026-09-07,2026-10-15,BER,PMI,EDDB-LEPA,Lufthansa,LH,265.74,EUR,economy,2026-10-15T07:15:00,2026-10-15T08:25:00
off_0000BAAJWuIlAqGy8kPIB8,2026-09-07,2026-10-15,BER,PMI,EDDB-LEPA,SWISS,LX,268.51,EUR,economy,2026-10-15T09:25:00,2026-10-15T10:55:00
off_0000BAAJWrqKJaLAVz5YZw,2026-09-07,2026-10-15,BER,PMI,EDDB-LEPA,SAS,SK,274.27,EUR,economy,2026-10-15T21:25:00,2026-10-15T22:25:00
off_0000BAAJWrqKJaLAVz5Ya3,2026-09-07,2026-10-15,BER,PMI,EDDB-LEPA,SAS,SK,274.27,EUR,economy,2026-10-15T14:35:00,2026-10-15T15:35:00
off_0000BAAJWuIlAqGy8kPIB1,2026-09-07,2026-10-15,BER,PMI,EDDB-LEPA,SWISS,LX,288.55,EUR,economy,2026-10-15T09:25:00,2026-10-15T10:55:00
off_0000BAAJWrqgIGckX5Fq8K,2026-09-07,2026-10-15,BER,PMI,EDDB-LEPA,SAS,SK,292.16,EUR,economy,2026-10-15T21:25:00,2026-10-15T22:25:00
off_0000BAAJWoDvlsqRI26Lon,2026-09-07,2026-10-15,BER,PMI,EDDB-LEPA,easyJet,U2,300.52,EUR,economy,2026-10-15T07:15:00,2026-10-15T10:00:00
off_0000BAAJWrqgIGckX5Fq8C,2026-09-07,2026-10-15,BER,PMI,EDDB-LEPA,SAS,SK,306.45,EUR,economy,2026-10-15T10:05:00,2026-10-15T11:05:00
off_0000BAAJWuHhEnQE5RuRWF,2026-09-07,2026-10-15,BER,PMI,EDDB-LEPA,SWISS,LX,307.47,EUR,economy,2026-10-15T10:25:00,2026-10-15T11:55:00
off_0000BAAJWuIlAqGy8kPIAu,2026-09-07,2026-10-15,BER,PMI,EDDB-LEPA,SWISS,LX,316.58,EUR,economy,2026-10-15T09:25:00,2026-10-15T10:55:00
off_0000BAAJWuHhEnQE5RuRW8,2026-09-07,2026-10-15,BER,PMI,EDDB-LEPA,SWISS,LX,327.51,EUR,economy,2026-10-15T10:25:00,2026-10-15T11:55:00
off_0000BAAJWrqgIGckX5Fq8R,2026-09-07,2026-10-15,BER,PMI,EDDB-LEPA,SAS,SK,342.06,EUR,economy,2026-10-15T21:25:00,2026-10-15T22:25:00
off_0000BAAJWrr2GwuKYBQ7gS,2026-09-07,2026-10-15,BER,PMI,EDDB-LEPA,SAS,SK,354.11,EUR,economy,2026-10-15T21:40:00,2026-10-15T23:15:00
off_0000BAAJWuHLG78e4Lk9y6,2026-09-07,2026-10-15,BER,PMI,EDDB-LEPA,SWISS,LX,355.54,EUR,economy,2026-10-15T10:25:00,2026-10-15T11:55:00
off_0000BAAJWoDvlsqRI26Lp2,2026-09-07,2026-10-15,BER,PMI,EDDB-LEPA,easyJet,U2,359.91,EUR,economy,2026-10-15T07:15:00,2026-10-15T10:00:00
off_0000BAAJWrr2GwuKYBQ7gZ,2026-09-07,2026-10-15,BER,PMI,EDDB-LEPA,SAS,SK,404.01,EUR,economy,2026-10-15T21:40:00,2026-10-15T23:15:00
off_0000BAAJWrr2GwuKYBQ7gf,2026-09-07,2026-10-15,BER,PMI,EDDB-LEPA,Eurowings,EW,437.39,EUR,economy,2026-10-15T17:00:00,2026-10-15T19:40:00
off_0000BAAJWrrOFdBuZHaPEo,2026-09-07,2026-10-15,BER,PMI,EDDB-LEPA,Eurowings,EW,450.98,EUR,economy,2026-10-15T08:40:00,2026-10-15T09:45:00
off_0000BAAJWrrOFdBuZHaPEv,2026-09-07,2026-10-15,BER,PMI,EDDB-LEPA,Eurowings,EW,450.98,EUR,economy,2026-10-15T08:40:00,2026-10-15T09:45:00
off_0000BAAJWrrkEJTUaNkgmx,2026-09-07,2026-10-15,BER,PMI,EDDB-LEPA,Eurowings,EW,450.98,EUR,economy,2026-10-15T08:40:00,2026-10-15T09:45:00
off_0000BAAJWoDZnCYrGvw4Gz,2026-09-07,2026-10-15,BER,PMI,EDDB-LEPA,easyJet,U2,457.44,EUR,economy,2026-10-15T20:15:00,2026-10-15T23:00:00
off_0000BAAJWoDvlsqRI26LpH,2026-09-07,2026-10-15,BER,PMI,EDDB-LEPA,easyJet,U2,457.44,EUR,economy,2026-10-15T07:15:00,2026-10-15T10:00:00
off_0000BAAJWrs6Czl4bTuyLD,2026-09-07,2026-10-15,BER,PMI,EDDB-LEPA,Aer Lingus,EI,502.94,EUR,economy,2026-10-15T10:40:00,2026-10-15T12:05:00
off_0000BAAJWrrOFdBuZHaPEh,2026-09-07,2026-10-15,BER,PMI,EDDB-LEPA,Eurowings,EW,511.37,EUR,economy,2026-10-15T17:00:00,2026-10-15T19:40:00
off_0000BAAJWrs6Czl4bTuyLJ,2026-09-07,2026-10-15,BER,PMI,EDDB-LEPA,Eurowings,EW,511.37,EUR,economy,2026-10-15T11:05:00,2026-10-15T13:45:00
off_0000BAAJWrts6PAygykO6u,2026-09-07,2026-10-15,BER,PMI,EDDB-LEPA,Eurowings,EW,511.37,EUR,economy,2026-10-15T10:10:00,2026-10-15T12:50:00
off_0000BAAJWruE55SYi4ufel,2026-09-07,2026-10-15,BER,PMI,EDDB-LEPA,Eurowings,EW,511.37,EUR,economy,2026-10-15T15:20:00,2026-10-15T18:00:00
off_0000BAAJWrpyKu3aUsvH1g,2026-09-07,2026-10-15,BER,PMI,EDDB-LEPA,Eurowings,EW,524.97,EUR,economy,2026-10-15T08:40:00,2026-10-15T09:45:00
off_0000BAAJWrrkEJTUaNkgn4,2026-09-07,2026-10-15,BER,PMI,EDDB-LEPA,Eurowings,EW,524.97,EUR,economy,2026-10-15T08:40:00,2026-10-15T09:45:00
off_0000BAAJWrrkEJTUaNkgnB,2026-09-07,2026-10-15,BER,PMI,EDDB-LEPA,Eurowings,EW,524.97,EUR,economy,2026-10-15T08:40:00,2026-10-15T09:45:00
off_0000BAAJWrrkEJTUaNkgnI,2026-09-07,2026-10-15,BER,PMI,EDDB-LEPA,Eurowings,EW,524.97,EUR,economy,2026-10-15T08:40:00,2026-10-15T09:45:00
off_0000BAAJWrs6Czl4bTuyLQ,2026-09-07,2026-10-15,BER,PMI,EDDB-LEPA,Eurowings,EW,533.14,EUR,economy,2026-10-15T11:30:00,2026-10-15T12:35:00
off_0000BAAJWrs6Czl4bTuyLX,2026-09-07,2026-10-15,BER,PMI,EDDB-LEPA,Eurowings,EW,533.14,EUR,economy,2026-10-15T14:30:00,2026-10-15T15:35:00
off_0000BAAJWrsSBg2eca5FtT,2026-09-07,2026-10-15,BER,PMI,EDDB-LEPA,Eurowings,EW,533.14,EUR,economy,2026-10-15T14:30:00,2026-10-15T15:35:00
off_0000BAAJWrsSBg2eca5Fta,2026-09-07,2026-10-15,BER,PMI,EDDB-LEPA,Eurowings,EW,533.14,EUR,economy,2026-10-15T06:40:00,2026-10-15T07:45:00
off_0000BAAJWrsSBg2eca5Fth,2026-09-07,2026-10-15,BER,PMI,EDDB-LEPA,Eurowings,EW,543.03,EUR,economy,2026-10-15T14:50:00,2026-10-15T16:00:00
off_0000BAAJWrsoAMKEdgFXRk,2026-09-07,2026-10-15,BER,PMI,EDDB-LEPA,Eurowings,EW,543.03,EUR,economy,2026-10-15T14:50:00,2026-10-15T16:00:00
off_0000BAAJWrsoAMKEdgFXRr,2026-09-07,2026-10-15,BER,PMI,EDDB-LEPA,Eurowings,EW,543.03,EUR,economy,2026-10-15T08:10:00,2026-10-15T09:20:00
off_0000BAAJWrsoAMKEdgFXRy,2026-09-07,2026-10-15,BER,PMI,EDDB-LEPA,Eurowings,EW,543.03,EUR,economy,2026-10-15T12:10:00,2026-10-15T13:20:00
off_0000BAAJWrsoAMKEdgFXS5,2026-09-07,2026-10-15,BER,PMI,EDDB-LEPA,Eurowings,EW,543.03,EUR,economy,2026-10-15T12:10:00,2026-10-15T13:20:00
off_0000BAAJWrts6PAygykO6c,2026-09-07,2026-10-15,BER,PMI,EDDB-LEPA,Norwegian Air Sweden,D8,639.99,EUR,economy,2026-10-15T12:15:00,2026-10-15T13:50:00
off_0000BAAJWrtA92boemPp00,2026-09-07,2026-10-15,BER,PMI,EDDB-LEPA,Condor Flugdienst,DE,765.6,EUR,economy,2026-10-15T08:20:00,2026-10-15T09:30:00
off_0000BAAJWrtA92boemPp07,2026-09-07,2026-10-15,BER,PMI,EDDB-LEPA,Condor Flugdienst,DE,765.6,EUR,economy,2026-10-15T08:20:00,2026-10-15T09:30:00
off_0000BAAJWrtW7itOfsa6YG,2026-09-07,2026-10-15,BER,PMI,EDDB-LEPA,Condor Flugdienst,DE,765.6,EUR,economy,2026-10-15T11:45:00,2026-10-15T12:55:00
off_0000BAAJWrtW7itOfsa6YN,2026-09-07,2026-10-15,BER,PMI,EDDB-LEPA,Condor Flugdienst,DE,773.6,EUR,economy,2026-10-15T16:55:00,2026-10-15T18:05:00
off_0000BAAJWrtW7itOfsa6YU,2026-09-07,2026-10-15,BER,PMI,EDDB-LEPA,Condor Flugdienst,DE,773.6,EUR,economy,2026-10-15T16:55:00,2026-10-15T18:05:00
off_0000BAAJWrts6PAygykO6V,2026-09-07,2026-10-15,BER,PMI,EDDB-LEPA,Norwegian Air Sweden,D8,960.38,EUR,economy,2026-10-15T21:55:00,2026-10-15T22:55:00
off_0000BAAJYIEpfCEMfTEMza,2026-09-07,2026-10-15,FRA,PMI,EDDF-LEPA,Iberia,IB,71.81,EUR,economy,2026-10-15T10:50:00,2026-10-15T13:05:00
off_0000BAAJYIDlj9NccAjWL0,2026-09-07,2026-10-15,FRA,PMI,EDDF-LEPA,British Airways,BA,75.71,EUR,economy,2026-10-15T10:50:00,2026-10-15T13:05:00
off_0000BAAJYOX8G4QyBxq4Lg,2026-09-07,2026-10-15,FRA,PMI,EDDF-LEPA,Condor Flugdienst,DE,80.96,EUR,economy,2026-10-15T04:45:00,2026-10-15T06:50:00
off_0000BAAJYOX8G4QyBxq4Lm,2026-09-07,2026-10-15,FRA,PMI,EDDF-LEPA,Condor Flugdienst,DE,80.96,EUR,economy,2026-10-15T17:20:00,2026-10-15T19:25:00
off_0000BAAJYOX8G4QyBxq4Ls,2026-09-07,2026-10-15,FRA,PMI,EDDF-LEPA,Condor Flugdienst,DE,80.96,EUR,economy,2026-10-15T05:00:00,2026-10-15T07:10:00
off_0000BAAJYOXUEkiYD40Ltz,2026-09-07,2026-10-15,FRA,PMI,EDDF-LEPA,Condor Flugdienst,DE,80.96,EUR,economy,2026-10-15T07:00:00,2026-10-15T09:10:00
off_0000BAAJYOXUEkiYD40Lu5,2026-09-07,2026-10-15,FRA,PMI,EDDF-LEPA,Condor Flugdienst,DE,80.96,EUR,economy,2026-10-15T08:15:00,2026-10-15T10:25:00
off_0000BAAJYOXUEkiYD40LuB,2026-09-07,2026-10-15,FRA,PMI,EDDF-LEPA,Condor Flugdienst,DE,80.96,EUR,economy,2026-10-15T11:05:00,2026-10-15T13:15:00
off_0000BAAJYOXqDR08EAAdSE,2026-09-07,2026-10-15,FRA,PMI,EDDF-LEPA,Condor Flugdienst,DE,80.96,EUR,economy,2026-10-15T10:40:00,2026-10-15T12:55:00
off_0000BAAJYTxY5HXH1LEjii,2026-09-07,2026-10-15,FRA,PMI,EDDF-LEPA,Lufthansa,LH,90.39,EUR,economy,2026-10-15T16:25:00,2026-10-15T18:30:00
off_0000BAAJYTxY5HXH1LEjio,2026-09-07,2026-10-15,FRA,PMI,EDDF-LEPA,Discover Airlines,4Y,90.39,EUR,economy,2026-10-15T16:25:00,2026-10-15T18:30:00
off_0000BAAJYTxu3xor2RP1H4,2026-09-07,2026-10-15,FRA,PMI,EDDF-LEPA,Lufthansa,LH,90.39,EUR,economy,2026-10-15T13:10:00,2026-10-15T15:20:00
off_0000BAAJYTyc1KO14djaNN,2026-09-07,2026-10-15,FRA,PMI,EDDF-LEPA,Lufthansa,LH,90.39,EUR,economy,2026-10-15T10:20:00,2026-10-15T12:25:00
off_0000BAAJYTyc1KO14djaNT,2026-09-07,2026-10-15,FRA,PMI,EDDF-LEPA,Discover Airlines,4Y,90.39,EUR,economy,2026-10-15T10:20:00,2026-10-15T12:25:00
off_0000BAAJYTxC6bFh0F4SAf,2026-09-07,2026-10-15,FRA,PMI,EDDF-LEPA,Lufthansa,LH,100.41,EUR,economy,2026-10-15T16:25:00,2026-10-15T18:30:00
off_0000BAAJYTxY5HXH1LEjic,2026-09-07,2026-10-15,FRA,PMI,EDDF-LEPA,Discover Airlines,4Y,100.41,EUR,economy,2026-10-15T16:25:00,2026-10-15T18:30:00
off_0000BAAJYTxu3xor2RP1Gy,2026-09-07,2026-10-15,FRA,PMI,EDDF-LEPA,Lufthansa,LH,100.41,EUR,economy,2026-10-15T13:10:00,2026-10-15T15:20:00
off_0000BAAJYTyG2e6R3XZIpq,2026-09-07,2026-10-15,FRA,PMI,EDDF-LEPA,Lufthansa,LH,100.41,EUR,economy,2026-10-15T10:20:00,2026-10-15T12:25:00
off_0000BAAJYTyG2e6R3XZIpw,2026-09-07,2026-10-15,FRA,PMI,EDDF-LEPA,Discover Airlines,4Y,100.41,EUR,economy,2026-10-15T10:20:00,2026-10-15T12:25:00
off_0000BAAJYTsaNjZ8lwulz8,2026-09-07,2026-10-15,FRA,PMI,EDDF-LEPA,SWISS,LX,112.41,EUR,economy,2026-10-15T13:00:00,2026-10-15T13:55:00
off_0000BAAJYTv4EVYCte4kr6,2026-09-07,2026-10-15,FRA,PMI,EDDF-LEPA,SWISS,LX,112.41,EUR,economy,2026-10-15T09:45:00,2026-10-15T10:40:00
off_0000BAAJYTvmBs7MvqPJxa,2026-09-07,2026-10-15,FRA,PMI,EDDF-LEPA,SWISS,LX,112.41,EUR,economy,2026-10-15T08:50:00,2026-10-15T09:45:00
off_0000BAAJYTw8AYOwwwZbVi,2026-09-07,2026-10-15,FRA,PMI,EDDF-LEPA,SWISS,LX,112.41,EUR,economy,2026-10-15T07:45:00,2026-10-15T08:45:00
off_0000BAAJYTwq7uy6z8uAcF,2026-09-07,2026-10-15,FRA,PMI,EDDF-LEPA,SWISS,LX,112.41,EUR,economy,2026-10-15T06:35:00,2026-10-15T07:30:00
off_0000BAAJYTsEP3HYkqkUQi,2026-09-07,2026-10-15,FRA,PMI,EDDF-LEPA,Lufthansa,LH,115.67,EUR,economy,2026-10-15T13:15:00,2026-10-15T14:10:00
off_0000BAAJYTtIL68Io9FL5y,2026-09-07,2026-10-15,FRA,PMI,EDDF-LEPA,Lufthansa,LH,115.67,EUR,economy,2026-10-15T12:15:00,2026-10-15T13:10:00
off_0000BAAJYTu0IShSqLZuCN,2026-09-07,2026-10-15,FRA,PMI,EDDF-LEPA,Lufthansa,LH,115.67,EUR,economy,2026-10-15T10:15:00,2026-10-15T11:10:00
off_0000BAAJYTuiFpGcsXuTIq,2026-09-07,2026-10-15,FRA,PMI,EDDF-LEPA,Lufthansa,LH,115.67,EUR,economy,2026-10-15T09:45:00,2026-10-15T10:40:00
off_0000BAAJYTvQDBpmukF2PR,2026-09-07,2026-10-15,FRA,PMI,EDDF-LEPA,Lufthansa,LH,115.67,EUR,economy,2026-10-15T09:15:00,2026-10-15T10:10:00
off_0000BAAJYTswMPqin353XX,2026-09-07,2026-10-15,FRA,PMI,EDDF-LEPA,Austrian,OS,118.93,EUR,economy,2026-10-15T12:50:00,2026-10-15T14:15:00
off_0000BAAJYTwU9EgWy2jt3s,2026-09-07,2026-10-15,FRA,PMI,EDDF-LEPA,Austrian,OS,118.93,EUR,economy,2026-10-15T06:40:00,2026-10-15T08:05:00
off_0000BAAJYTsaNjZ8lwulz1,2026-09-07,2026-10-15,FRA,PMI,EDDF-LEPA,SWISS,LX,122.42,EUR,economy,2026-10-15T13:00:00,2026-10-15T13:55:00
off_0000BAAJYTv4EVYCte4kqz,2026-09-07,2026-10-15,FRA,PMI,EDDF-LEPA,SWISS,LX,122.42,EUR,economy,2026-10-15T09:45:00,2026-10-15T10:40:00
off_0000BAAJYTvmBs7MvqPJxT,2026-09-07,2026-10-15,FRA,PMI,EDDF-LEPA,SWISS,LX,122.42,EUR,economy,2026-10-15T08:50:00,2026-10-15T09:45:00
off_0000BAAJYTw8AYOwwwZbVb,2026-09-07,2026-10-15,FRA,PMI,EDDF-LEPA,SWISS,LX,122.42,EUR,economy,2026-10-15T07:45:00,2026-10-15T08:45:00
off_0000BAAJYTwq7uy6z8uAc8,2026-09-07,2026-10-15,FRA,PMI,EDDF-LEPA,SWISS,LX,122.42,EUR,economy,2026-10-15T06:35:00,2026-10-15T07:30:00
off_0000BAAJYTrsQMzyjkaCsj,2026-09-07,2026-10-15,FRA,PMI,EDDF-LEPA,Lufthansa,LH,125.68,EUR,economy,2026-10-15T13:15:00,2026-10-15T14:10:00
off_0000BAAJYTtIL68Io9FL5r,2026-09-07,2026-10-15,FRA,PMI,EDDF-LEPA,Lufthansa,LH,125.68,EUR,economy,2026-10-15T12:15:00,2026-10-15T13:10:00
off_0000BAAJYTu0IShSqLZuCG,2026-09-07,2026-10-15,FRA,PMI,EDDF-LEPA,Lufthansa,LH,125.68,EUR,economy,2026-10-15T10:15:00,2026-10-15T11:10:00
off_0000BAAJYTuiFpGcsXuTIj,2026-09-07,2026-10-15,FRA,PMI,EDDF-LEPA,Lufthansa,LH,125.68,EUR,economy,2026-10-15T09:45:00,2026-10-15T10:40:00
off_0000BAAJYTvQDBpmukF2PK,2026-09-07,2026-10-15,FRA,PMI,EDDF-LEPA,Lufthansa,LH,125.68,EUR,economy,2026-10-15T09:15:00,2026-10-15T10:10:00
off_0000BAAJYTswMPqin353XQ,2026-09-07,2026-10-15,FRA,PMI,EDDF-LEPA,Austrian,OS,128.95,EUR,economy,2026-10-15T12:50:00,2026-10-15T14:15:00
off_0000BAAJYTw8AYOwwwZbWA,2026-09-07,2026-10-15,FRA,PMI,EDDF-LEPA,Austrian,OS,128.95,EUR,economy,2026-10-15T06:40:00,2026-10-15T08:05:00
off_0000BAAJYTxC6bFh0F4SAT,2026-09-07,2026-10-15,FRA,PMI,EDDF-LEPA,Lufthansa,LH,130.45,EUR,economy,2026-10-15T16:25:00,2026-10-15T18:30:00
off_0000BAAJYTxC6bFh0F4SAZ,2026-09-07,2026-10-15,FRA,PMI,EDDF-LEPA,Discover Airlines,4Y,130.45,EUR,economy,2026-10-15T16:25:00,2026-10-15T18:30:00
off_0000BAAJYTxu3xor2RP1Gs,2026-09-07,2026-10-15,FRA,PMI,EDDF-LEPA,Lufthansa,LH,130.45,EUR,economy,2026-10-15T13:10:00,2026-10-15T15:20:00
off_0000BAAJYTyG2e6R3XZIpe,2026-09-07,2026-10-15,FRA,PMI,EDDF-LEPA,Lufthansa,LH,130.45,EUR,economy,2026-10-15T10:20:00,2026-10-15T12:25:00
off_0000BAAJYTyG2e6R3XZIpk,2026-09-07,2026-10-15,FRA,PMI,EDDF-LEPA,Discover Airlines,4Y,130.45,EUR,economy,2026-10-15T10:20:00,2026-10-15T12:25:00
off_0000BAAJYOXqDR08EAAdSL,2026-09-07,2026-10-15,FRA,PMI,EDDF-LEPA,Air Europa,UX,131.71,EUR,economy,2026-10-15T10:55:00,2026-10-15T13:40:00
off_0000BAAJYOXqDR08EAAdSS,2026-09-07,2026-10-15,FRA,PMI,EDDF-LEPA,Air Europa,UX,131.71,EUR,economy,2026-10-15T10:55:00,2026-10-15T13:40:00
off_0000BAAJYOYCC7HiFGKv0W,2026-09-07,2026-10-15,FRA,PMI,EDDF-LEPA,Air Europa,UX,131.71,EUR,economy,2026-10-15T19:10:00,2026-10-15T21:55:00
off_0000BAAJYOYYAnZIGMVCZD,2026-09-07,2026-10-15,FRA,PMI,EDDF-LEPA,Air Europa,UX,139.2,EUR,economy,2026-10-15T19:10:00,2026-10-15T21:55:00
off_0000BAAJYOYYAnZIGMVCZK,2026-09-07,2026-10-15,FRA,PMI,EDDF-LEPA,Air Europa,UX,139.2,EUR,economy,2026-10-15T19:10:00,2026-10-15T21:55:00
off_0000BAAJYTwq7uy6z8uAcX,2026-09-07,2026-10-15,FRA,PMI,EDDF-LEPA,Lufthansa,LH,145.46,EUR,economy,2026-10-15T16:25:00,2026-10-15T18:30:00
off_0000BAAJYTxC6bFh0F4SAN,2026-09-07,2026-10-15,FRA,PMI,EDDF-LEPA,Discover Airlines,4Y,145.46,EUR,economy,2026-10-15T16:25:00,2026-10-15T18:30:00
off_0000BAAJYTxY5HXH1LEjj0,2026-09-07,2026-10-15,FRA,PMI,EDDF-LEPA,Lufthansa,LH,145.46,EUR,economy,2026-10-15T13:10:00,2026-10-15T15:20:00
off_0000BAAJYTyG2e6R3XZIpI,2026-09-07,2026-10-15,FRA,PMI,EDDF-LEPA,Lufthansa,LH,145.46,EUR,economy,2026-10-15T10:20:00,2026-10-15T12:25:00
off_0000BAAJYTyG2e6R3XZIpY,2026-09-07,2026-10-15,FRA,PMI,EDDF-LEPA,Discover Airlines,4Y,145.46,EUR,economy,2026-10-15T10:20:00,2026-10-15T12:25:00
off_0000BAAJYTsEP3HYkqkUR3,2026-09-07,2026-10-15,FRA,PMI,EDDF-LEPA,SWISS,LX,152.46,EUR,economy,2026-10-15T13:00:00,2026-10-15T13:55:00
off_0000BAAJYTv4EVYCte4kqs,2026-09-07,2026-10-15,FRA,PMI,EDDF-LEPA,SWISS,LX,152.46,EUR,economy,2026-10-15T09:45:00,2026-10-15T10:40:00
off_0000BAAJYTvmBs7MvqPJxM,2026-09-07,2026-10-15,FRA,PMI,EDDF-LEPA,SWISS,LX,152.46,EUR,economy,2026-10-15T08:50:00,2026-10-15T09:45:00
off_0000BAAJYTvmBs7MvqPJxv,2026-09-07,2026-10-15,FRA,PMI,EDDF-LEPA,SWISS,LX,152.46,EUR,economy,2026-10-15T07:45:00,2026-10-15T08:45:00
off_0000BAAJYTwU9EgWy2jt4D,2026-09-07,2026-10-15,FRA,PMI,EDDF-LEPA,SWISS,LX,152.46,EUR,economy,2026-10-15T06:35:00,2026-10-15T07:30:00
off_0000BAAJYTrsQMzyjkaCsc,2026-09-07,2026-10-15,FRA,PMI,EDDF-LEPA,Lufthansa,LH,155.72,EUR,economy,2026-10-15T13:15:00,2026-10-15T14:10:00
off_0000BAAJYTtIL68Io9FL5k,2026-09-07,2026-10-15,FRA,PMI,EDDF-LEPA,Lufthansa,LH,155.72,EUR,economy,2026-10-15T12:15:00,2026-10-15T13:10:00
off_0000BAAJYTu0IShSqLZuC9,2026-09-07,2026-10-15,FRA,PMI,EDDF-LEPA,Lufthansa,LH,155.72,EUR,economy,2026-10-15T10:15:00,2026-10-15T11:10:00
off_0000BAAJYTuiFpGcsXuTIc,2026-09-07,2026-10-15,FRA,PMI,EDDF-LEPA,Lufthansa,LH,155.72,EUR,economy,2026-10-15T09:45:00,2026-10-15T10:40:00
off_0000BAAJYTvQDBpmukF2PD,2026-09-07,2026-10-15,FRA,PMI,EDDF-LEPA,Lufthansa,LH,155.72,EUR,economy,2026-10-15T09:15:00,2026-10-15T10:10:00
off_0000BAAJYTswMPqin353XJ,2026-09-07,2026-10-15,FRA,PMI,EDDF-LEPA,Austrian,OS,158.98,EUR,economy,2026-10-15T12:50:00,2026-10-15T14:15:00
off_0000BAAJYTw8AYOwwwZbW3,2026-09-07,2026-10-15,FRA,PMI,EDDF-LEPA,Austrian,OS,158.98,EUR,economy,2026-10-15T06:40:00,2026-10-15T08:05:00
off_0000BAAJYOYCC7HiFGKv0d,2026-09-07,2026-10-15,FRA,PMI,EDDF-LEPA,Air Europa,UX,161.83,EUR,economy,2026-10-15T10:55:00,2026-10-15T13:40:00
off_0000BAAJYOYCC7HiFGKv0k,2026-09-07,2026-10-15,FRA,PMI,EDDF-LEPA,Air Europa,UX,161.83,EUR,economy,2026-10-15T10:55:00,2026-10-15T13:40:00
off_0000BAAJYOYYAnZIGMVCYl,2026-09-07,2026-10-15,FRA,PMI,EDDF-LEPA,Air Europa,UX,161.83,EUR,economy,2026-10-15T19:10:00,2026-10-15T21:55:00
off_0000BAAJYTyc1KO14djaNx,2026-09-07,2026-10-15,FRA,PMI,EDDF-LEPA,Lufthansa,LH,165.47,EUR,economy,2026-10-15T08:20:00,2026-10-15T10:30:00
off_0000BAAJYTsEP3HYkqkUQw,2026-09-07,2026-10-15,FRA,PMI,EDDF-LEPA,SWISS,LX,167.48,EUR,economy,2026-10-15T13:00:00,2026-10-15T13:55:00
off_0000BAAJYTuiFpGcsXuTJ4,2026-09-07,2026-10-15,FRA,PMI,EDDF-LEPA,SWISS,LX,167.48,EUR,economy,2026-10-15T09:45:00,2026-10-15T10:40:00
off_0000BAAJYTvQDBpmukF2Pf,2026-09-07,2026-10-15,FRA,PMI,EDDF-LEPA,SWISS,LX,167.48,EUR,economy,2026-10-15T08:50:00,2026-10-15T09:45:00
off_0000BAAJYTvmBs7MvqPJxo,2026-09-07,2026-10-15,FRA,PMI,EDDF-LEPA,SWISS,LX,167.48,EUR,economy,2026-10-15T07:45:00,2026-10-15T08:45:00
off_0000BAAJYTwU9EgWy2jt46,2026-09-07,2026-10-15,FRA,PMI,EDDF-LEPA,SWISS,LX,167.48,EUR,economy,2026-10-15T06:35:00,2026-10-15T07:30:00
off_0000BAAJYOYu9TqsHSfU72,2026-09-07,2026-10-15,FRA,PMI,EDDF-LEPA,Air Europa,UX,169.31,EUR,economy,2026-10-15T19:10:00,2026-10-15T21:55:00
off_0000BAAJYOYu9TqsHSfU79,2026-09-07,2026-10-15,FRA,PMI,EDDF-LEPA,Air Europa,UX,169.31,EUR,economy,2026-10-15T19:10:00,2026-10-15T21:55:00
off_0000BAAJYTrsQMzyjkaCsV,2026-09-07,2026-10-15,FRA,PMI,EDDF-LEPA,Lufthansa,LH,170.74,EUR,economy,2026-10-15T13:15:00,2026-10-15T14:10:00
off_0000BAAJYTtIL68Io9FL5d,2026-09-07,2026-10-15,FRA,PMI,EDDF-LEPA,Lufthansa,LH,170.74,EUR,economy,2026-10-15T12:15:00,2026-10-15T13:10:00
off_0000BAAJYTu0IShSqLZuC2,2026-09-07,2026-10-15,FRA,PMI,EDDF-LEPA,Lufthansa,LH,170.74,EUR,economy,2026-10-15T10:15:00,2026-10-15T11:10:00
off_0000BAAJYTuMH8z2rRkBkk,2026-09-07,2026-10-15,FRA,PMI,EDDF-LEPA,Lufthansa,LH,170.74,EUR,economy,2026-10-15T09:45:00,2026-10-15T10:40:00
off_0000BAAJYTvQDBpmukF2P6,2026-09-07,2026-10-15,FRA,PMI,EDDF-LEPA,Lufthansa,LH,170.74,EUR,economy,2026-10-15T09:15:00,2026-10-15T10:10:00
off_0000BAAJYTsaNjZ8lwulzM,2026-09-07,2026-10-15,FRA,PMI,EDDF-LEPA,Austrian,OS,174.0,EUR,economy,2026-10-15T12:50:00,2026-10-15T14:15:00
off_0000BAAJYTw8AYOwwwZbVw,2026-09-07,2026-10-15,FRA,PMI,EDDF-LEPA,Austrian,OS,174.0,EUR,economy,2026-10-15T06:40:00,2026-10-15T08:05:00
off_0000BAAJYTyc1KO14djaNr,2026-09-07,2026-10-15,FRA,PMI,EDDF-LEPA,Lufthansa,LH,175.49,EUR,economy,2026-10-15T08:20:00,2026-10-15T10:30:00
off_0000BAAJYOYYAnZIGMVCYs,2026-09-07,2026-10-15,FRA,PMI,EDDF-LEPA,Air Europa,UX,196.24,EUR,economy,2026-10-15T10:55:00,2026-10-15T13:40:00
off_0000BAAJYOYYAnZIGMVCYz,2026-09-07,2026-10-15,FRA,PMI,EDDF-LEPA,Air Europa,UX,196.24,EUR,economy,2026-10-15T10:55:00,2026-10-15T13:40:00
off_0000BAAJYOYYAnZIGMVCZ6,2026-09-07,2026-10-15,FRA,PMI,EDDF-LEPA,Air Europa,UX,196.24,EUR,economy,2026-10-15T19:10:00,2026-10-15T21:55:00
off_0000BAAJYOYu9TqsHSfU7G,2026-09-07,2026-10-15,FRA,PMI,EDDF-LEPA,Air Europa,UX,203.72,EUR,economy,2026-10-15T19:10:00,2026-10-15T21:55:00
off_0000BAAJYOZG8A8SIYplfL,2026-09-07,2026-10-15,FRA,PMI,EDDF-LEPA,Air Europa,UX,203.72,EUR,economy,2026-10-15T19:10:00,2026-10-15T21:55:00
off_0000BAAJYTyc1KO14djaNl,2026-09-07,2026-10-15,FRA,PMI,EDDF-LEPA,Lufthansa,LH,205.53,EUR,economy,2026-10-15T08:20:00,2026-10-15T10:30:00
off_0000BAAJYTteJmPspFPce7,2026-09-07,2026-10-15,FRA,PMI,EDDF-LEPA,SWISS,LX,209.5,EUR,economy,2026-10-15T11:25:00,2026-10-15T12:20:00
off_0000BAAJYTuMH8z2rRkBkW,2026-09-07,2026-10-15,FRA,PMI,EDDF-LEPA,SWISS,LX,209.5,EUR,economy,2026-10-15T09:45:00,2026-10-15T10:40:00
off_0000BAAJYOZG8A8SIYplfS,2026-09-07,2026-10-15,FRA,PMI,EDDF-LEPA,Aer Lingus,EI,212.93,EUR,economy,2026-10-15T10:55:00,2026-10-15T12:10:00
off_0000BAAJYTyc1KO14djaNf,2026-09-07,2026-10-15,FRA,PMI,EDDF-LEPA,Lufthansa,LH,220.54,EUR,economy,2026-10-15T08:20:00,2026-10-15T10:30:00
off_0000BAAJYTwq7uy6z8uAcL,2026-09-07,2026-10-15,FRA,PMI,EDDF-LEPA,Lufthansa,LH,220.56,EUR,economy,2026-10-15T16:25:00,2026-10-15T18:30:00
off_0000BAAJYTwq7uy6z8uAcR,2026-09-07,2026-10-15,FRA,PMI,EDDF-LEPA,Discover Airlines,4Y,220.56,EUR,economy,2026-10-15T16:25:00,2026-10-15T18:30:00
off_0000BAAJYTxY5HXH1LEjiu,2026-09-07,2026-10-15,FRA,PMI,EDDF-LEPA,Lufthansa,LH,220.56,EUR,economy,2026-10-15T13:10:00,2026-10-15T15:20:00
off_0000BAAJYTxu3xor2RP1HA,2026-09-07,2026-10-15,FRA,PMI,EDDF-LEPA,Lufthansa,LH,220.56,EUR,economy,2026-10-15T10:20:00,2026-10-15T12:25:00
off_0000BAAJYTxu3xor2RP1HG,2026-09-07,2026-10-15,FRA,PMI,EDDF-LEPA,Discover Airlines,4Y,220.56,EUR,economy,2026-10-15T10:20:00,2026-10-15T12:25:00
off_0000BAAJYTteJmPspFPce0,2026-09-07,2026-10-15,FRA,PMI,EDDF-LEPA,SWISS,LX,239.54,EUR,economy,2026-10-15T11:25:00,2026-10-15T12:20:00
off_0000BAAJYTuMH8z2rRkBkP,2026-09-07,2026-10-15,FRA,PMI,EDDF-LEPA,SWISS,LX,239.54,EUR,economy,2026-10-15T09:45:00,2026-10-15T10:40:00
off_0000BAAJYTsEP3HYkqkUQp,2026-09-07,2026-10-15,FRA,PMI,EDDF-LEPA,SWISS,LX,242.58,EUR,economy,2026-10-15T13:00:00,2026-10-15T13:55:00
off_0000BAAJYTuiFpGcsXuTIx,2026-09-07,2026-10-15,FRA,PMI,EDDF-LEPA,SWISS,LX,242.58,EUR,economy,2026-10-15T09:45:00,2026-10-15T10:40:00
off_0000BAAJYTvQDBpmukF2PY,2026-09-07,2026-10-15,FRA,PMI,EDDF-LEPA,SWISS,LX,242.58,EUR,economy,2026-10-15T08:50:00,2026-10-15T09:45:00
off_0000BAAJYTvmBs7MvqPJxh,2026-09-07,2026-10-15,FRA,PMI,EDDF-LEPA,SWISS,LX,242.58,EUR,economy,2026-10-15T07:45:00,2026-10-15T08:45:00
off_0000BAAJYTwU9EgWy2jt3z,2026-09-07,2026-10-15,FRA,PMI,EDDF-LEPA,SWISS,LX,242.58,EUR,economy,2026-10-15T06:35:00,2026-10-15T07:30:00
off_0000BAAJYTrWRgiOiePvKC,2026-09-07,2026-10-15,FRA,PMI,EDDF-LEPA,Lufthansa,LH,245.84,EUR,economy,2026-10-15T13:15:00,2026-10-15T14:10:00
off_0000BAAJYTtIL68Io9FL5W,2026-09-07,2026-10-15,FRA,PMI,EDDF-LEPA,Lufthansa,LH,245.84,EUR,economy,2026-10-15T12:15:00,2026-10-15T13:10:00
off_0000BAAJYTteJmPspFPceE,2026-09-07,2026-10-15,FRA,PMI,EDDF-LEPA,Lufthansa,LH,245.84,EUR,economy,2026-10-15T10:15:00,2026-10-15T11:10:00
off_0000BAAJYTuMH8z2rRkBkd,2026-09-07,2026-10-15,FRA,PMI,EDDF-LEPA,Lufthansa,LH,245.84,EUR,economy,2026-10-15T09:45:00,2026-10-15T10:40:00
off_0000BAAJYTv4EVYCte4krD,2026-09-07,2026-10-15,FRA,PMI,EDDF-LEPA,Lufthansa,LH,245.84,EUR,economy,2026-10-15T09:15:00,2026-10-15T10:10:00
off_0000BAAJYTsaNjZ8lwulzF,2026-09-07,2026-10-15,FRA,PMI,EDDF-LEPA,Austrian,OS,249.1,EUR,economy,2026-10-15T12:50:00,2026-10-15T14:15:00
off_0000BAAJYTw8AYOwwwZbVp,2026-09-07,2026-10-15,FRA,PMI,EDDF-LEPA,Austrian,OS,249.1,EUR,economy,2026-10-15T06:40:00,2026-10-15T08:05:00
off_0000BAAJYTteJmPspFPcdt,2026-09-07,2026-10-15,FRA,PMI,EDDF-LEPA,SWISS,LX,254.55,EUR,economy,2026-10-15T11:25:00,2026-10-15T12:20:00
off_0000BAAJYTuMH8z2rRkBkI,2026-09-07,2026-10-15,FRA,PMI,EDDF-LEPA,SWISS,LX,254.55,EUR,economy,2026-10-15T09:45:00,2026-10-15T10:40:00
off_0000BAAJYTyc1KO14djaNZ,2026-09-07,2026-10-15,FRA,PMI,EDDF-LEPA,Lufthansa,LH,295.64,EUR,economy,2026-10-15T08:20:00,2026-10-15T10:30:00
off_0000BAAJYTteJmPspFPcdm,2026-09-07,2026-10-15,FRA,PMI,EDDF-LEPA,SWISS,LX,329.65,EUR,economy,2026-10-15T11:25:00,2026-10-15T12:20:00
off_0000BAAJYTu0IShSqLZuCU,2026-09-07,2026-10-15,FRA,PMI,EDDF-LEPA,SWISS,LX,329.65,EUR,economy,2026-10-15T09:45:00,2026-10-15T10:40:00
off_0000BAAJYOZc6qQ2Jf03DZ,2026-09-07,2026-10-15,FRA,PMI,EDDF-LEPA,Condor Flugdienst,DE,821.86,EUR,economy,2026-10-15T14:30:00,2026-10-15T15:30:00
off_0000BAAJYOZc6qQ2Jf03Dg,2026-09-07,2026-10-15,FRA,PMI,EDDF-LEPA,Condor Flugdienst,DE,821.86,EUR,economy,2026-10-15T07:15:00,2026-10-15T08:15:00
off_0000BAAJYYK1rdtWYDmkJf,2026-09-07,2026-10-15,DUS,PMI,EDDL-LEPA,Vueling,VY,68.01,EUR,economy,2026-10-15T21:00:00,2026-10-15T23:20:00
off_0000BAAJYYK1rdtWYDmkJm,2026-09-07,2026-10-15,DUS,PMI,EDDL-LEPA,Vueling,VY,68.01,EUR,economy,2026-10-15T09:45:00,2026-10-15T12:00:00
off_0000BAAJYYKNqKB6ZJx1ro,2026-09-07,2026-10-15,DUS,PMI,EDDL-LEPA,Vueling,VY,68.01,EUR,economy,2026-10-15T09:45:00,2026-10-15T12:00:00
off_0000BAAJYYKjp0SgaQ7JQ1,2026-09-07,2026-10-15,DUS,PMI,EDDL-LEPA,Vueling,VY,68.01,EUR,economy,2026-10-15T09:45:00,2026-10-15T12:00:00
off_0000BAAJYYKjp0SgaQ7JQ8,2026-09-07,2026-10-15,DUS,PMI,EDDL-LEPA,Vueling,VY,68.01,EUR,economy,2026-10-15T09:45:00,2026-10-15T12:00:00
off_0000BAAJYYKjp0SgaQ7JQF,2026-09-07,2026-10-15,DUS,PMI,EDDL-LEPA,Vueling,VY,68.01,EUR,economy,2026-10-15T09:45:00,2026-10-15T12:00:00
off_0000BAAJYVUCPNFNktWKFY,2026-09-07,2026-10-15,DUS,PMI,EDDL-LEPA,Iberia,IB,75.33,EUR,economy,2026-10-15T10:50:00,2026-10-15T13:12:00
off_0000BAAJYaKSP1QQm807G4,2026-09-07,2026-10-15,DUS,PMI,EDDL-LEPA,Condor Flugdienst,DE,76.05,EUR,economy,2026-10-15T16:25:00,2026-10-15T18:45:00
off_0000BAAJYaKSP1QQm807GA,2026-09-07,2026-10-15,DUS,PMI,EDDL-LEPA,Condor Flugdienst,DE,76.05,EUR,economy,2026-10-15T05:50:00,2026-10-15T08:15:00
off_0000BAAJYaKSP1QQm807GG,2026-09-07,2026-10-15,DUS,PMI,EDDL-LEPA,Condor Flugdienst,DE,76.05,EUR,economy,2026-10-15T05:55:00,2026-10-15T08:20:00
off_0000BAAJYaKoNhi0nEAOoL,2026-09-07,2026-10-15,DUS,PMI,EDDL-LEPA,Condor Flugdienst,DE,76.05,EUR,economy,2026-10-15T08:20:00,2026-10-15T10:45:00
off_0000BAAJYaKoNhi0nEAOoR,2026-09-07,2026-10-15,DUS,PMI,EDDL-LEPA,Condor Flugdienst,DE,76.05,EUR,economy,2026-10-15T15:30:00,2026-10-15T17:55:00
off_0000BAAJYaKoNhi0nEAOoX,2026-09-07,2026-10-15,DUS,PMI,EDDL-LEPA,Condor Flugdienst,DE,76.05,EUR,economy,2026-10-15T05:55:00,2026-10-15T08:30:00
off_0000BAAJYVUCPNFNktWKFd,2026-09-07,2026-10-15,DUS,PMI,EDDL-LEPA,British Airways,BA,77.6,EUR,economy,2026-10-15T10:50:00,2026-10-15T13:12:00
off_0000BAAJYYK1rdtWYDmkJY,2026-09-07,2026-10-15,DUS,PMI,EDDL-LEPA,Vueling,VY,77.71,EUR,economy,2026-10-15T21:00:00,2026-10-15T23:20:00
off_0000BAAJYYJfsxbwX7cSlE,2026-09-07,2026-10-15,DUS,PMI,EDDL-LEPA,Vueling,VY,90.33,EUR,economy,2026-10-15T21:00:00,2026-10-15T23:20:00
off_0000BAAJYaNIETh4uvKNgu,2026-09-07,2026-10-15,DUS,PMI,EDDL-LEPA,Eurowings,EW,121.48,EUR,economy,2026-10-15T06:50:00,2026-10-15T09:10:00
off_0000BAAJYaNIETh4uvKNhB,2026-09-07,2026-10-15,DUS,PMI,EDDL-LEPA,Eurowings,EW,121.48,EUR,economy,2026-10-15T13:10:00,2026-10-15T15:30:00
off_0000BAAJYaOMAWXoyDpEKx,2026-09-07,2026-10-15,DUS,PMI,EDDL-LEPA,LOT Polish Airlines,LO,139.72,EUR,economy,2026-10-15T07:15:00,2026-10-15T09:05:00
off_0000BAAJYaOMAWXoyDpELt,2026-09-07,2026-10-15,DUS,PMI,EDDL-LEPA,Eurowings,EW,153.31,EUR,economy,2026-10-15T06:50:00,2026-10-15T08:00:00
off_0000BAAJYaOi9CpOzJzVtc,2026-09-07,2026-10-15,DUS,PMI,EDDL-LEPA,Eurowings,EW,158.13,EUR,economy,2026-10-15T08:15:00,2026-10-15T09:10:00
off_0000BAAJYaOMAWXoyDpELK,2026-09-07,2026-10-15,DUS,PMI,EDDL-LEPA,LOT Polish Airlines,LO,169.83,EUR,economy,2026-10-15T07:15:00,2026-10-15T09:05:00
off_0000BAAJYdifnRZvI6LzvP,2026-09-07,2026-10-15,DUS,PMI,EDDL-LEPA,SWISS,LX,173.14,EUR,economy,2026-10-15T14:50:00,2026-10-15T16:00:00
off_0000BAAJYdknfXHPOhLhEw,2026-09-07,2026-10-15,DUS,PMI,EDDL-LEPA,SWISS,LX,173.14,EUR,economy,2026-10-15T09:50:00,2026-10-15T11:05:00
off_0000BAAJYdjNko95KIgZ1m,2026-09-07,2026-10-15,DUS,PMI,EDDL-LEPA,Lufthansa,LH,176.4,EUR,economy,2026-10-15T13:30:00,2026-10-15T14:40:00
off_0000BAAJYdk5iAiFMV188Q,2026-09-07,2026-10-15,DUS,PMI,EDDL-LEPA,Lufthansa,LH,176.4,EUR,economy,2026-10-15T10:10:00,2026-10-15T11:20:00
off_0000BAAJYdl9eDYzPnVynB,2026-09-07,2026-10-15,DUS,PMI,EDDL-LEPA,Lufthansa,LH,176.4,EUR,economy,2026-10-15T09:30:00,2026-10-15T10:40:00
off_0000BAAJYdjjjUQfLOqqaA,2026-09-07,2026-10-15,DUS,PMI,EDDL-LEPA,Lufthansa,LH,184.43,EUR,economy,2026-10-15T10:30:00,2026-10-15T11:20:00
off_0000BAAJYaOMAWXoyDpELc,2026-09-07,2026-10-15,DUS,PMI,EDDL-LEPA,LOT Polish Airlines,LO,193.92,EUR,economy,2026-10-15T07:15:00,2026-10-15T09:05:00
off_0000BAAJYdifnRZvI6LzvH,2026-09-07,2026-10-15,DUS,PMI,EDDL-LEPA,SWISS,LX,203.17,EUR,economy,2026-10-15T14:50:00,2026-10-15T16:00:00
off_0000BAAJYdj1m7rVJCWHTX,2026-09-07,2026-10-15,DUS,PMI,EDDL-LEPA,SWISS,LX,203.17,EUR,economy,2026-10-15T13:50:00,2026-10-15T14:55:00
off_0000BAAJYdknfXHPOhLhEp,2026-09-07,2026-10-15,DUS,PMI,EDDL-LEPA,SWISS,LX,203.17,EUR,economy,2026-10-15T09:50:00,2026-10-15T11:05:00
off_0000BAAJYdlVctqZQtgGLH,2026-09-07,2026-10-15,DUS,PMI,EDDL-LEPA,SWISS,LX,203.17,EUR,economy,2026-10-15T06:55:00,2026-10-15T08:00:00
off_0000BAAJYdjNko95KIgZ20,2026-09-07,2026-10-15,DUS,PMI,EDDL-LEPA,Austrian,OS,204.69,EUR,economy,2026-10-15T13:00:00,2026-10-15T14:35:00
off_0000BAAJYdjNko95KIgZ1f,2026-09-07,2026-10-15,DUS,PMI,EDDL-LEPA,Lufthansa,LH,206.43,EUR,economy,2026-10-15T13:30:00,2026-10-15T14:40:00
off_0000BAAJYdk5iAiFMV188J,2026-09-07,2026-10-15,DUS,PMI,EDDL-LEPA,Lufthansa,LH,206.43,EUR,economy,2026-10-15T10:10:00,2026-10-15T11:20:00
off_0000BAAJYdl9eDYzPnVyn4,2026-09-07,2026-10-15,DUS,PMI,EDDL-LEPA,Lufthansa,LH,206.43,EUR,economy,2026-10-15T09:30:00,2026-10-15T10:40:00
off_0000BAAJYdjjjUQfLOqqa3,2026-09-07,2026-10-15,DUS,PMI,EDDL-LEPA,Lufthansa,LH,214.47,EUR,economy,2026-10-15T10:30:00,2026-10-15T11:20:00
off_0000BAAJYdifnRZvI6LzvA,2026-09-07,2026-10-15,DUS,PMI,EDDL-LEPA,SWISS,LX,223.2,EUR,economy,2026-10-15T14:50:00,2026-10-15T16:00:00
off_0000BAAJYdknfXHPOhLhEi,2026-09-07,2026-10-15,DUS,PMI,EDDL-LEPA,SWISS,LX,223.2,EUR,economy,2026-10-15T09:50:00,2026-10-15T11:05:00
off_0000BAAJYdj1m7rVJCWHTl,2026-09-07,2026-10-15,DUS,PMI,EDDL-LEPA,Lufthansa,LH,226.46,EUR,economy,2026-10-15T13:30:00,2026-10-15T14:40:00
off_0000BAAJYdk5iAiFMV188C,2026-09-07,2026-10-15,DUS,PMI,EDDL-LEPA,Lufthansa,LH,226.46,EUR,economy,2026-10-15T10:10:00,2026-10-15T11:20:00
off_0000BAAJYdl9eDYzPnVymx,2026-09-07,2026-10-15,DUS,PMI,EDDL-LEPA,Lufthansa,LH,226.46,EUR,economy,2026-10-15T09:30:00,2026-10-15T10:40:00
off_0000BAAJYdjjjUQfLOqqZw,2026-09-07,2026-10-15,DUS,PMI,EDDL-LEPA,Lufthansa,LH,234.49,EUR,economy,2026-10-15T10:30:00,2026-10-15T11:20:00
off_0000BAAJYaKoNhi0nEAOol,2026-09-07,2026-10-15,DUS,PMI,EDDL-LEPA,SAS,SK,237.96,EUR,economy,2026-10-15T19:20:00,2026-10-15T20:40:00
off_0000BAAJYaLAMNzaoKKgMe,2026-09-07,2026-10-15,DUS,PMI,EDDL-LEPA,SAS,SK,237.96,EUR,economy,2026-10-15T10:10:00,2026-10-15T11:25:00
off_0000BAAJYaLAMNzaoKKgMl,2026-09-07,2026-10-15,DUS,PMI,EDDL-LEPA,SAS,SK,237.96,EUR,economy,2026-10-15T06:10:00,2026-10-15T07:30:00
off_0000BAAJYdkRgqzpNbBPgm,2026-09-07,2026-10-15,DUS,PMI,EDDL-LEPA,SWISS,LX,240.28,EUR,economy,2026-10-15T09:50:00,2026-10-15T11:05:00
off_0000BAAJYdlrba89RzqXtb,2026-09-07,2026-10-15,DUS,PMI,EDDL-LEPA,Lufthansa,LH,251.58,EUR,economy,2026-10-15T06:00:00,2026-10-15T06:50:00
off_0000BAAJYdiJolILH0BiMq,2026-09-07,2026-10-15,DUS,PMI,EDDL-LEPA,SWISS,LX,263.25,EUR,economy,2026-10-15T14:50:00,2026-10-15T16:00:00
off_0000BAAJYdj1m7rVJCWHTQ,2026-09-07,2026-10-15,DUS,PMI,EDDL-LEPA,SWISS,LX,263.25,EUR,economy,2026-10-15T13:50:00,2026-10-15T14:55:00
off_0000BAAJYdkRgqzpNbBPgt,2026-09-07,2026-10-15,DUS,PMI,EDDL-LEPA,SWISS,LX,263.25,EUR,economy,2026-10-15T09:50:00,2026-10-15T11:05:00
off_0000BAAJYdlVctqZQtgGLA,2026-09-07,2026-10-15,DUS,PMI,EDDL-LEPA,SWISS,LX,263.25,EUR,economy,2026-10-15T06:55:00,2026-10-15T08:00:00
off_0000BAAJYdjNko95KIgZ1t,2026-09-07,2026-10-15,DUS,PMI,EDDL-LEPA,Austrian,OS,264.76,EUR,economy,2026-10-15T13:00:00,2026-10-15T14:35:00
off_0000BAAJYdj1m7rVJCWHTe,2026-09-07,2026-10-15,DUS,PMI,EDDL-LEPA,Lufthansa,LH,266.51,EUR,economy,2026-10-15T13:30:00,2026-10-15T14:40:00
off_0000BAAJYdjjjUQfLOqqaH,2026-09-07,2026-10-15,DUS,PMI,EDDL-LEPA,Lufthansa,LH,266.51,EUR,economy,2026-10-15T10:10:00,2026-10-15T11:20:00
off_0000BAAJYdknfXHPOhLhF3,2026-09-07,2026-10-15,DUS,PMI,EDDL-LEPA,Lufthansa,LH,266.51,EUR,economy,2026-10-15T09:30:00,2026-10-15T10:40:00
off_0000BAAJYdkRgqzpNbBPgf,2026-09-07,2026-10-15,DUS,PMI,EDDL-LEPA,SWISS,LX,270.32,EUR,economy,2026-10-15T09:50:00,2026-10-15T11:05:00
off_0000BAAJYdjNko95KIgZ27,2026-09-07,2026-10-15,DUS,PMI,EDDL-LEPA,Lufthansa,LH,274.55,EUR,economy,2026-10-15T10:30:00,2026-10-15T11:20:00
off_0000BAAJYdlrba89RzqXtU,2026-09-07,2026-10-15,DUS,PMI,EDDL-LEPA,Lufthansa,LH,281.62,EUR,economy,2026-10-15T06:00:00,2026-10-15T06:50:00
off_0000BAAJYaLAMNzaoKKgMs,2026-09-07,2026-10-15,DUS,PMI,EDDL-LEPA,SAS,SK,287.0,EUR,economy,2026-10-15T19:20:00,2026-10-15T20:40:00
off_0000BAAJYaLWL4HApQUxuq,2026-09-07,2026-10-15,DUS,PMI,EDDL-LEPA,SAS,SK,287.0,EUR,economy,2026-10-15T10:10:00,2026-10-15T11:25:00
off_0000BAAJYaLWL4HApQUxv4,2026-09-07,2026-10-15,DUS,PMI,EDDL-LEPA,SAS,SK,287.0,EUR,economy,2026-10-15T06:10:00,2026-10-15T07:30:00
off_0000BAAJYdkRgqzpNbBPgY,2026-09-07,2026-10-15,DUS,PMI,EDDL-LEPA,SWISS,LX,290.34,EUR,economy,2026-10-15T09:50:00,2026-10-15T11:05:00
off_0000BAAJYdlVctqZQtgGLV,2026-09-07,2026-10-15,DUS,PMI,EDDL-LEPA,Lufthansa,LH,301.64,EUR,economy,2026-10-15T06:00:00,2026-10-15T06:50:00
off_0000BAAJYaLWL4HApQUxvO,2026-09-07,2026-10-15,DUS,PMI,EDDL-LEPA,SAS,SK,304.9,EUR,economy,2026-10-15T15:20:00,2026-10-15T16:35:00
off_0000BAAJYaLWL4HApQUxvh,2026-09-07,2026-10-15,DUS,PMI,EDDL-LEPA,SAS,SK,304.9,EUR,economy,2026-10-15T19:20:00,2026-10-15T20:40:00
off_0000BAAJYdkRgqzpNbBPgR,2026-09-07,2026-10-15,DUS,PMI,EDDL-LEPA,SWISS,LX,330.4,EUR,economy,2026-10-15T09:50:00,2026-10-15T11:05:00
off_0000BAAJYdlVctqZQtgGLO,2026-09-07,2026-10-15,DUS,PMI,EDDL-LEPA,Lufthansa,LH,341.69,EUR,economy,2026-10-15T06:00:00,2026-10-15T06:50:00
off_0000BAAJYaLsJkYkqWfFTF,2026-09-07,2026-10-15,DUS,PMI,EDDL-LEPA,SAS,SK,354.8,EUR,economy,2026-10-15T15:20:00,2026-10-15T16:35:00
off_0000BAAJYaLsJkYkqWfFTY,2026-09-07,2026-10-15,DUS,PMI,EDDL-LEPA,SAS,SK,354.8,EUR,economy,2026-10-15T19:20:00,2026-10-15T20:40:00
off_0000BAAJYaLsJkYkqWfFTn,2026-09-07,2026-10-15,DUS,PMI,EDDL-LEPA,Eurowings,EW,443.24,EUR,economy,2026-10-15T06:10:00,2026-10-15T08:30:00
off_0000BAAJYaLsJkYkqWfFU3,2026-09-07,2026-10-15,DUS,PMI,EDDL-LEPA,Eurowings,EW,443.24,EUR,economy,2026-10-15T10:00:00,2026-10-15T12:20:00
off_0000BAAJYaLsJkYkqWfFUJ,2026-09-07,2026-10-15,DUS,PMI,EDDL-LEPA,Eurowings,EW,443.24,EUR,economy,2026-10-15T11:45:00,2026-10-15T14:05:00
off_0000BAAJYaMEIQqKrcpX1W,2026-09-07,2026-10-15,DUS,PMI,EDDL-LEPA,Eurowings,EW,443.24,EUR,economy,2026-10-15T12:15:00,2026-10-15T14:35:00
off_0000BAAJYaMEIQqKrcpX1j,2026-09-07,2026-10-15,DUS,PMI,EDDL-LEPA,Eurowings,EW,443.24,EUR,economy,2026-10-15T12:55:00,2026-10-15T15:15:00
off_0000BAAJYaMEIQqKrcpX1z,2026-09-07,2026-10-15,DUS,PMI,EDDL-LEPA,Eurowings,EW,443.24,EUR,economy,2026-10-15T16:10:00,2026-10-15T18:30:00
off_0000BAAJYaMEIQqKrcpX2E,2026-09-07,2026-10-15,DUS,PMI,EDDL-LEPA,Eurowings,EW,443.24,EUR,economy,2026-10-15T16:25:00,2026-10-15T18:45:00
off_0000BAAJYaMwFnPUtpA68m,2026-09-07,2026-10-15,DUS,PMI,EDDL-LEPA,Eurowings,EW,460.44,EUR,economy,2026-10-15T14:45:00,2026-10-15T15:55:00
off_0000BAAJYaNIETh4uvKNgc,2026-09-07,2026-10-15,DUS,PMI,EDDL-LEPA,Aer Lingus,EI,462.68,EUR,economy,2026-10-15T10:25:00,2026-10-15T11:25:00
off_0000BAAJYaMEIQqKrcpX2W,2026-09-07,2026-10-15,DUS,PMI,EDDL-LEPA,Eurowings,EW,487.11,EUR,economy,2026-10-15T06:10:00,2026-10-15T08:30:00
off_0000BAAJYaMaH77usizoZm,2026-09-07,2026-10-15,DUS,PMI,EDDL-LEPA,Eurowings,EW,487.11,EUR,economy,2026-10-15T10:00:00,2026-10-15T12:20:00
off_0000BAAJYaMaH77usizoa1,2026-09-07,2026-10-15,DUS,PMI,EDDL-LEPA,Eurowings,EW,487.11,EUR,economy,2026-10-15T11:45:00,2026-10-15T14:05:00
off_0000BAAJYaMaH77usizoaG,2026-09-07,2026-10-15,DUS,PMI,EDDL-LEPA,Eurowings,EW,487.11,EUR,economy,2026-10-15T12:15:00,2026-10-15T14:35:00
off_0000BAAJYaMaH77usizoaZ,2026-09-07,2026-10-15,DUS,PMI,EDDL-LEPA,Eurowings,EW,487.11,EUR,economy,2026-10-15T12:55:00,2026-10-15T15:15:00
off_0000BAAJYaMwFnPUtpA68B,2026-09-07,2026-10-15,DUS,PMI,EDDL-LEPA,Eurowings,EW,487.11,EUR,economy,2026-10-15T16:10:00,2026-10-15T18:30:00
off_0000BAAJYaMwFnPUtpA68T,2026-09-07,2026-10-15,DUS,PMI,EDDL-LEPA,Eurowings,EW,487.11,EUR,economy,2026-10-15T16:25:00,2026-10-15T18:45:00
off_0000BAAJYaO0BqGEx7ewn0,2026-09-07,2026-10-15,DUS,PMI,EDDL-LEPA,Eurowings,EW,487.11,EUR,economy,2026-10-15T06:50:00,2026-10-15T09:10:00
off_0000BAAJYaO0BqGEx7ewnE,2026-09-07,2026-10-15,DUS,PMI,EDDL-LEPA,Eurowings,EW,487.11,EUR,economy,2026-10-15T13:10:00,2026-10-15T15:30:00
off_0000BAAJYaNIETh4uvKNgJ,2026-09-07,2026-10-15,DUS,PMI,EDDL-LEPA,Eurowings,EW,504.32,EUR,economy,2026-10-15T14:45:00,2026-10-15T15:55:00
off_0000BAAJYaNeD9yew1UfES,2026-09-07,2026-10-15,DUS,PMI,EDDL-LEPA,Eurowings,EW,504.32,EUR,economy,2026-10-15T06:50:00,2026-10-15T08:00:00
off_0000BAAJYaOi9CpOzJzVtG,2026-09-07,2026-10-15,DUS,PMI,EDDL-LEPA,Eurowings,EW,504.32,EUR,economy,2026-10-15T06:50:00,2026-10-15T08:00:00
off_0000BAAJYaNeD9yew1UfEd,2026-09-07,2026-10-15,DUS,PMI,EDDL-LEPA,Eurowings,EW,507.24,EUR,economy,2026-10-15T07:00:00,2026-10-15T08:10:00
off_0000BAAJYaNeD9yew1UfEr,2026-09-07,2026-10-15,DUS,PMI,EDDL-LEPA,Eurowings,EW,507.24,EUR,economy,2026-10-15T07:00:00,2026-10-15T08:10:00
off_0000BAAJYaO0BqGEx7ewml,2026-09-07,2026-10-15,DUS,PMI,EDDL-LEPA,Eurowings,EW,507.24,EUR,economy,2026-10-15T14:15:00,2026-10-15T15:25:00
off_0000BAAJYaKoNhi0nEAOoe,2026-09-07,2026-10-15,DUS,PMI,EDDL-LEPA,Eurowings,EW,509.14,EUR,economy,2026-10-15T08:15:00,2026-10-15T09:10:00
off_0000BAAJa5R5EdGMg3jgI4,2026-09-07,2026-10-15,HAM,PMI,EDDH-LEPA,Vueling,VY,75.14,EUR,economy,2026-10-15T21:50:00,2026-10-16T00:35:00
off_0000BAAJa5R5EdGMg3jgIW,2026-09-07,2026-10-15,HAM,PMI,EDDH-LEPA,Vueling,VY,75.14,EUR,economy,2026-10-15T11:05:00,2026-10-15T13:50:00
off_0000BAAJa5R5EdGMg3jgJC,2026-09-07,2026-10-15,HAM,PMI,EDDH-LEPA,Vueling,VY,75.14,EUR,economy,2026-10-15T11:05:00,2026-10-15T13:50:00
off_0000BAAJa5RRDJXwh9txqb,2026-09-07,2026-10-15,HAM,PMI,EDDH-LEPA,Vueling,VY,75.14,EUR,economy,2026-10-15T11:05:00,2026-10-15T13:50:00
off_0000BAAJa5RRDJXwh9txr6,2026-09-07,2026-10-15,HAM,PMI,EDDH-LEPA,Vueling,VY,75.14,EUR,economy,2026-10-15T11:05:00,2026-10-15T13:50:00
off_0000BAAJa5RnBzpWiG4FOK,2026-09-07,2026-10-15,HAM,PMI,EDDH-LEPA,Vueling,VY,75.14,EUR,economy,2026-10-15T11:05:00,2026-10-15T13:50:00
off_0000BAAJa5JdgJJAIyFjhY,2026-09-07,2026-10-15,HAM,PMI,EDDH-LEPA,Condor Flugdienst,DE,75.88,EUR,economy,2026-10-15T18:55:00,2026-10-15T21:40:00
off_0000BAAJa5NBT88yTxuZD7,2026-09-07,2026-10-15,HAM,PMI,EDDH-LEPA,Condor Flugdienst,DE,75.88,EUR,economy,2026-10-15T05:55:00,2026-10-15T08:40:00
off_0000BAAJa5NBT88yTxuZDS,2026-09-07,2026-10-15,HAM,PMI,EDDH-LEPA,Condor Flugdienst,DE,75.88,EUR,economy,2026-10-15T14:40:00,2026-10-15T17:25:00
off_0000BAAJa5QjFwymexZOji,2026-09-07,2026-10-15,HAM,PMI,EDDH-LEPA,Vueling,VY,84.84,EUR,economy,2026-10-15T21:50:00,2026-10-16T00:35:00
off_0000BAAJa5QjFwymexZOk3,2026-09-07,2026-10-15,HAM,PMI,EDDH-LEPA,Vueling,VY,84.84,EUR,economy,2026-10-15T21:50:00,2026-10-16T00:35:00
off_0000BAAJa1CkxxQTYT0BPh,2026-09-07,2026-10-15,HAM,PMI,EDDH-LEPA,British Airways,BA,86.92,EUR,economy,2026-10-15T10:50:00,2026-10-15T13:37:00
off_0000BAAJa1COzH8tXMptrc,2026-09-07,2026-10-15,HAM,PMI,EDDH-LEPA,Iberia,IB,90.11,EUR,economy,2026-10-15T10:50:00,2026-10-15T13:37:00
off_0000BAAJa5QNHGhCdrP7Bj,2026-09-07,2026-10-15,HAM,PMI,EDDH-LEPA,Vueling,VY,97.46,EUR,economy,2026-10-15T21:50:00,2026-10-16T00:35:00
off_0000BAAJa5OxMXYsZSjyz5,2026-09-07,2026-10-15,HAM,PMI,EDDH-LEPA,Eurowings,EW,122.17,EUR,economy,2026-10-15T10:45:00,2026-10-15T13:25:00
off_0000BAAJa5PJLDqSaYuGXM,2026-09-07,2026-10-15,HAM,PMI,EDDH-LEPA,LOT Polish Airlines,LO,136.1,EUR,economy,2026-10-15T07:10:00,2026-10-15T08:40:00
off_0000BAAJa5PfJu82bf4Y4u,2026-09-07,2026-10-15,HAM,PMI,EDDH-LEPA,LOT Polish Airlines,LO,165.35,EUR,economy,2026-10-15T07:10:00,2026-10-15T08:40:00
off_0000BAAJa5PfJu82bf4Y5J,2026-09-07,2026-10-15,HAM,PMI,EDDH-LEPA,LOT Polish Airlines,LO,190.3,EUR,economy,2026-10-15T07:10:00,2026-10-15T08:40:00
off_0000BAAJa8RC4g8LzGoJNQ,2026-09-07,2026-10-15,HAM,PMI,EDDH-LEPA,SWISS,LX,204.48,EUR,economy,2026-10-15T14:55:00,2026-10-15T16:25:00
off_0000BAAJa8XvfdWOK9xgtY,2026-09-07,2026-10-15,HAM,PMI,EDDH-LEPA,SWISS,LX,204.48,EUR,economy,2026-10-15T09:25:00,2026-10-15T10:55:00
off_0000BAAJa8Sxy5YG4ldj9A,2026-09-07,2026-10-15,HAM,PMI,EDDH-LEPA,Lufthansa,LH,207.74,EUR,economy,2026-10-15T13:15:00,2026-10-15T14:35:00
off_0000BAAJa8TJwlpq5ro0iG,2026-09-07,2026-10-15,HAM,PMI,EDDH-LEPA,Lufthansa,LH,207.74,EUR,economy,2026-10-15T12:15:00,2026-10-15T13:35:00
off_0000BAAJa8V5qBFkBMdQT3,2026-09-07,2026-10-15,HAM,PMI,EDDH-LEPA,Lufthansa,LH,207.74,EUR,economy,2026-10-15T10:45:00,2026-10-15T12:05:00
off_0000BAAJa8WrjafeGrSqEd,2026-09-07,2026-10-15,HAM,PMI,EDDH-LEPA,Lufthansa,LH,207.74,EUR,economy,2026-10-15T09:45:00,2026-10-15T11:05:00
off_0000BAAJa8Ydd05YMMIFzi,2026-09-07,2026-10-15,HAM,PMI,EDDH-LEPA,Lufthansa,LH,207.74,EUR,economy,2026-10-15T08:45:00,2026-10-15T10:05:00
off_0000BAAJa8Ru22hW1T8sUN,2026-09-07,2026-10-15,HAM,PMI,EDDH-LEPA,Lufthansa,LH,215.78,EUR,economy,2026-10-15T14:00:00,2026-10-15T15:10:00
off_0000BAAJa8U1u8P0848Znz,2026-09-07,2026-10-15,HAM,PMI,EDDH-LEPA,Lufthansa,LH,215.78,EUR,economy,2026-10-15T11:00:00,2026-10-15T12:10:00
off_0000BAAJa8VnnXouDYxzZE,2026-09-07,2026-10-15,HAM,PMI,EDDH-LEPA,Lufthansa,LH,215.78,EUR,economy,2026-10-15T10:30:00,2026-10-15T11:40:00
off_0000BAAJa8WVkuO4FlIYfF,2026-09-07,2026-10-15,HAM,PMI,EDDH-LEPA,Lufthansa,LH,215.78,EUR,economy,2026-10-15T10:00:00,2026-10-15T11:10:00
off_0000BAAJa8ZhZ2wIPen6dg,2026-09-07,2026-10-15,HAM,PMI,EDDH-LEPA,Lufthansa,LH,215.78,EUR,economy,2026-10-15T07:30:00,2026-10-15T08:40:00
off_0000BAAJa8a3XjDsQkxOCZ,2026-09-07,2026-10-15,HAM,PMI,EDDH-LEPA,Lufthansa,LH,215.78,EUR,economy,2026-10-15T07:00:00,2026-10-15T08:10:00
off_0000BAAJa8b7Tm4cU3SErD,2026-09-07,2026-10-15,HAM,PMI,EDDH-LEPA,Lufthansa,LH,215.78,EUR,economy,2026-10-15T06:00:00,2026-10-15T07:10:00
off_0000BAAJa5Q1IaPcclEpd8,2026-09-07,2026-10-15,HAM,PMI,EDDH-LEPA,SAS,SK,229.19,EUR,economy,2026-10-15T19:35:00,2026-10-15T20:35:00
off_0000BAAJa5Q1IaPcclEpdZ,2026-09-07,2026-10-15,HAM,PMI,EDDH-LEPA,SAS,SK,229.19,EUR,economy,2026-10-15T15:30:00,2026-10-15T16:30:00
off_0000BAAJa5QNHGhCdrP7BS,2026-09-07,2026-10-15,HAM,PMI,EDDH-LEPA,SAS,SK,229.19,EUR,economy,2026-10-15T12:30:00,2026-10-15T13:30:00
off_0000BAAJa5QNHGhCdrP7Bf,2026-09-07,2026-10-15,HAM,PMI,EDDH-LEPA,SAS,SK,229.19,EUR,economy,2026-10-15T10:00:00,2026-10-15T11:00:00
off_0000BAAJa5QjFwymexZOje,2026-09-07,2026-10-15,HAM,PMI,EDDH-LEPA,SAS,SK,229.19,EUR,economy,2026-10-15T06:15:00,2026-10-15T07:15:00
off_0000BAAJa8UNsoga9AIrMs,2026-09-07,2026-10-15,HAM,PMI,EDDH-LEPA,SWISS,LX,240.67,EUR,economy,2026-10-15T10:50:00,2026-10-15T12:15:00
off_0000BAAJa8XZgxEoJ3nPKg,2026-09-07,2026-10-15,HAM,PMI,EDDH-LEPA,SWISS,LX,240.67,EUR,economy,2026-10-15T09:25:00,2026-10-15T10:55:00
off_0000BAAJa8Qq5zqlyAe1pl,2026-09-07,2026-10-15,HAM,PMI,EDDH-LEPA,SWISS,LX,243.53,EUR,economy,2026-10-15T14:55:00,2026-10-15T16:25:00
off_0000BAAJa8SG0iz62ZJA2j,2026-09-07,2026-10-15,HAM,PMI,EDDH-LEPA,SWISS,LX,243.53,EUR,economy,2026-10-15T13:50:00,2026-10-15T15:15:00
off_0000BAAJa8XvfdWOK9xgtD,2026-09-07,2026-10-15,HAM,PMI,EDDH-LEPA,SWISS,LX,243.53,EUR,economy,2026-10-15T09:25:00,2026-10-15T10:55:00
off_0000BAAJa8aPWPVSRr7fkY,2026-09-07,2026-10-15,HAM,PMI,EDDH-LEPA,SWISS,LX,243.53,EUR,economy,2026-10-15T07:00:00,2026-10-15T08:25:00
off_0000BAAJa8alV5n2SxHxIV,2026-09-07,2026-10-15,HAM,PMI,EDDH-LEPA,Austrian,OS,246.05,EUR,economy,2026-10-15T06:20:00,2026-10-15T07:50:00
off_0000BAAJa8SbzPGg3fTRba,2026-09-07,2026-10-15,HAM,PMI,EDDH-LEPA,Lufthansa,LH,246.79,EUR,economy,2026-10-15T13:15:00,2026-10-15T14:35:00
off_0000BAAJa8TJwlpq5ro0ht,2026-09-07,2026-10-15,HAM,PMI,EDDH-LEPA,Lufthansa,LH,246.79,EUR,economy,2026-10-15T12:15:00,2026-10-15T13:35:00
off_0000BAAJa8V5qBFkBMdQSF,2026-09-07,2026-10-15,HAM,PMI,EDDH-LEPA,Lufthansa,LH,246.79,EUR,economy,2026-10-15T10:45:00,2026-10-15T12:05:00
off_0000BAAJa8WrjafeGrSqE5,2026-09-07,2026-10-15,HAM,PMI,EDDH-LEPA,Lufthansa,LH,246.79,EUR,economy,2026-10-15T09:45:00,2026-10-15T11:05:00
off_0000BAAJa8Ydd05YMMIFzB,2026-09-07,2026-10-15,HAM,PMI,EDDH-LEPA,Lufthansa,LH,246.79,EUR,economy,2026-10-15T08:45:00,2026-10-15T10:05:00
off_0000BAAJa8bpR8dmWFmnx9,2026-09-07,2026-10-15,HAM,PMI,EDDH-LEPA,Lufthansa,LH,251.96,EUR,economy,2026-10-15T06:00:00,2026-10-15T07:10:00
off_0000BAAJa8Ru22hW1T8sTy,2026-09-07,2026-10-15,HAM,PMI,EDDH-LEPA,Lufthansa,LH,254.83,EUR,economy,2026-10-15T14:00:00,2026-10-15T15:10:00
off_0000BAAJa8U1u8P0848ZnT,2026-09-07,2026-10-15,HAM,PMI,EDDH-LEPA,Lufthansa,LH,254.83,EUR,economy,2026-10-15T11:00:00,2026-10-15T12:10:00
off_0000BAAJa8VnnXouDYxzZ0,2026-09-07,2026-10-15,HAM,PMI,EDDH-LEPA,Lufthansa,LH,254.83,EUR,economy,2026-10-15T10:30:00,2026-10-15T11:40:00
off_0000BAAJa8W9mE6UEf8H7n,2026-09-07,2026-10-15,HAM,PMI,EDDH-LEPA,Lufthansa,LH,254.83,EUR,economy,2026-10-15T10:00:00,2026-10-15T11:10:00
off_0000BAAJa8YzbgN8NSSXYL,2026-09-07,2026-10-15,HAM,PMI,EDDH-LEPA,Lufthansa,LH,254.83,EUR,economy,2026-10-15T07:30:00,2026-10-15T08:40:00
off_0000BAAJa8a3XjDsQkxOC6,2026-09-07,2026-10-15,HAM,PMI,EDDH-LEPA,Lufthansa,LH,254.83,EUR,economy,2026-10-15T07:00:00,2026-10-15T08:10:00
off_0000BAAJa8b7Tm4cU3SEqj,2026-09-07,2026-10-15,HAM,PMI,EDDH-LEPA,Lufthansa,LH,254.83,EUR,economy,2026-10-15T06:00:00,2026-10-15T07:10:00
off_0000BAAJa8Qq5zqlyAe1pK,2026-09-07,2026-10-15,HAM,PMI,EDDH-LEPA,SWISS,LX,263.55,EUR,economy,2026-10-15T14:55:00,2026-10-15T16:25:00
off_0000BAAJa8XvfdWOK9xgsX,2026-09-07,2026-10-15,HAM,PMI,EDDH-LEPA,SWISS,LX,263.55,EUR,economy,2026-10-15T09:25:00,2026-10-15T10:55:00
off_0000BAAJa8SbzPGg3fTRat,2026-09-07,2026-10-15,HAM,PMI,EDDH-LEPA,Lufthansa,LH,266.81,EUR,economy,2026-10-15T13:15:00,2026-10-15T14:35:00
off_0000BAAJa8TJwlpq5ro0hE,2026-09-07,2026-10-15,HAM,PMI,EDDH-LEPA,Lufthansa,LH,266.81,EUR,economy,2026-10-15T12:15:00,2026-10-15T13:35:00
off_0000BAAJa8UjrUyAAGT8uv,2026-09-07,2026-10-15,HAM,PMI,EDDH-LEPA,Lufthansa,LH,266.81,EUR,economy,2026-10-15T10:45:00,2026-10-15T12:05:00
off_0000BAAJa8WrjafeGrSqDQ,2026-09-07,2026-10-15,HAM,PMI,EDDH-LEPA,Lufthansa,LH,266.81,EUR,economy,2026-10-15T09:45:00,2026-10-15T11:05:00
off_0000BAAJa8YHeJnyLG7yRb,2026-09-07,2026-10-15,HAM,PMI,EDDH-LEPA,Lufthansa,LH,266.81,EUR,economy,2026-10-15T08:45:00,2026-10-15T10:05:00
off_0000BAAJa8RY3MPw0MyawN,2026-09-07,2026-10-15,HAM,PMI,EDDH-LEPA,Lufthansa,LH,274.85,EUR,economy,2026-10-15T14:00:00,2026-10-15T15:10:00
off_0000BAAJa8TfvS7Q6xyIFx,2026-09-07,2026-10-15,HAM,PMI,EDDH-LEPA,Lufthansa,LH,274.85,EUR,economy,2026-10-15T11:00:00,2026-10-15T12:10:00
off_0000BAAJa8VRorXKCSni1J,2026-09-07,2026-10-15,HAM,PMI,EDDH-LEPA,Lufthansa,LH,274.85,EUR,economy,2026-10-15T10:30:00,2026-10-15T11:40:00
off_0000BAAJa8W9mE6UEf8H7F,2026-09-07,2026-10-15,HAM,PMI,EDDH-LEPA,Lufthansa,LH,274.85,EUR,economy,2026-10-15T10:00:00,2026-10-15T11:10:00
off_0000BAAJa8YzbgN8NSSXXk,2026-09-07,2026-10-15,HAM,PMI,EDDH-LEPA,Lufthansa,LH,274.85,EUR,economy,2026-10-15T07:30:00,2026-10-15T08:40:00
off_0000BAAJa8ZhZ2wIPen6ef,2026-09-07,2026-10-15,HAM,PMI,EDDH-LEPA,Lufthansa,LH,274.85,EUR,economy,2026-10-15T07:00:00,2026-10-15T08:10:00
off_0000BAAJa8alV5n2SxHxJF,2026-09-07,2026-10-15,HAM,PMI,EDDH-LEPA,Lufthansa,LH,274.85,EUR,economy,2026-10-15T06:00:00,2026-10-15T07:10:00
off_0000BAAJa5QjFwymexZOk9,2026-09-07,2026-10-15,HAM,PMI,EDDH-LEPA,SAS,SK,278.23,EUR,economy,2026-10-15T19:35:00,2026-10-15T20:35:00
off_0000BAAJa5R5EdGMg3jgI8,2026-09-07,2026-10-15,HAM,PMI,EDDH-LEPA,SAS,SK,278.23,EUR,economy,2026-10-15T15:30:00,2026-10-15T16:30:00
off_0000BAAJa5R5EdGMg3jgIn,2026-09-07,2026-10-15,HAM,PMI,EDDH-LEPA,SAS,SK,278.23,EUR,economy,2026-10-15T12:30:00,2026-10-15T13:30:00
off_0000BAAJa5RRDJXwh9txqD,2026-09-07,2026-10-15,HAM,PMI,EDDH-LEPA,SAS,SK,278.23,EUR,economy,2026-10-15T10:00:00,2026-10-15T11:00:00
off_0000BAAJa5RnBzpWiG4FOU,2026-09-07,2026-10-15,HAM,PMI,EDDH-LEPA,SAS,SK,278.23,EUR,economy,2026-10-15T06:15:00,2026-10-15T07:15:00
off_0000BAAJa8UNsoga9AIrMQ,2026-09-07,2026-10-15,HAM,PMI,EDDH-LEPA,SWISS,LX,279.72,EUR,economy,2026-10-15T10:50:00,2026-10-15T12:15:00
off_0000BAAJa8XZgxEoJ3nPKC,2026-09-07,2026-10-15,HAM,PMI,EDDH-LEPA,SWISS,LX,279.72,EUR,economy,2026-10-15T09:25:00,2026-10-15T10:55:00
off_0000BAAJa8bTSSMCV9cWPT,2026-09-07,2026-10-15,HAM,PMI,EDDH-LEPA,Lufthansa,LH,291.02,EUR,economy,2026-10-15T06:00:00,2026-10-15T07:10:00
off_0000BAAJa5JzezakK4Q1F3,2026-09-07,2026-10-15,HAM,PMI,EDDH-LEPA,SAS,SK,296.12,EUR,economy,2026-10-15T19:35:00,2026-10-15T20:35:00
off_0000BAAJa8UNsoga9AIrLo,2026-09-07,2026-10-15,HAM,PMI,EDDH-LEPA,SWISS,LX,299.75,EUR,economy,2026-10-15T10:50:00,2026-10-15T12:15:00
off_0000BAAJa8XDiGxEHxd7mk,2026-09-07,2026-10-15,HAM,PMI,EDDH-LEPA,SWISS,LX,299.75,EUR,economy,2026-10-15T09:25:00,2026-10-15T10:55:00
off_0000BAAJa8bTSSMCV9cWP0,2026-09-07,2026-10-15,HAM,PMI,EDDH-LEPA,Lufthansa,LH,311.05,EUR,economy,2026-10-15T06:00:00,2026-10-15T07:10:00
off_0000BAAJa5JzezakK4Q1Fg,2026-09-07,2026-10-15,HAM,PMI,EDDH-LEPA,SAS,SK,346.02,EUR,economy,2026-10-15T19:35:00,2026-10-15T20:35:00
off_0000BAAJa5KLdfsKLAaIn8,2026-09-07,2026-10-15,HAM,PMI,EDDH-LEPA,SAS,SK,358.07,EUR,economy,2026-10-15T13:45:00,2026-10-15T15:15:00
off_0000BAAJa8QU7JZBx4TkHt,2026-09-07,2026-10-15,HAM,PMI,EDDH-LEPA,SWISS,LX,380.7,EUR,economy,2026-10-15T14:55:00,2026-10-15T16:25:00
off_0000BAAJa8SG0iz62ZJA2C,2026-09-07,2026-10-15,HAM,PMI,EDDH-LEPA,SWISS,LX,380.7,EUR,economy,2026-10-15T13:50:00,2026-10-15T15:15:00
off_0000BAAJa8XZgxEoJ3nPLG,2026-09-07,2026-10-15,HAM,PMI,EDDH-LEPA,SWISS,LX,380.7,EUR,economy,2026-10-15T09:25:00,2026-10-15T10:55:00
off_0000BAAJa8aPWPVSRr7fk0,2026-09-07,2026-10-15,HAM,PMI,EDDH-LEPA,SWISS,LX,380.7,EUR,economy,2026-10-15T07:00:00,2026-10-15T08:25:00
off_0000BAAJa8aPWPVSRr7fkw,2026-09-07,2026-10-15,HAM,PMI,EDDH-LEPA,Austrian,OS,382.23,EUR,economy,2026-10-15T06:20:00,2026-10-15T07:50:00
off_0000BAAJa8SG0iz62ZJA3J,2026-09-07,2026-10-15,HAM,PMI,EDDH-LEPA,Lufthansa,LH,382.96,EUR,economy,2026-10-15T13:15:00,2026-10-15T14:35:00
off_0000BAAJa8Sxy5YG4ldj9v,2026-09-07,2026-10-15,HAM,PMI,EDDH-LEPA,Lufthansa,LH,382.96,EUR,economy,2026-10-15T12:15:00,2026-10-15T13:35:00
off_0000BAAJa8UjrUyAAGT8uL,2026-09-07,2026-10-15,HAM,PMI,EDDH-LEPA,Lufthansa,LH,382.96,EUR,economy,2026-10-15T10:45:00,2026-10-15T12:05:00
off_0000BAAJa8WVkuO4FlIYfr,2026-09-07,2026-10-15,HAM,PMI,EDDH-LEPA,Lufthansa,LH,382.96,EUR,economy,2026-10-15T09:45:00,2026-10-15T11:05:00
off_0000BAAJa8YHeJnyLG7yQk,2026-09-07,2026-10-15,HAM,PMI,EDDH-LEPA,Lufthansa,LH,382.96,EUR,economy,2026-10-15T08:45:00,2026-10-15T10:05:00
off_0000BAAJa8RY3MPw0Myavm,2026-09-07,2026-10-15,HAM,PMI,EDDH-LEPA,Lufthansa,LH,391.0,EUR,economy,2026-10-15T14:00:00,2026-10-15T15:10:00
off_0000BAAJa8TfvS7Q6xyIFQ,2026-09-07,2026-10-15,HAM,PMI,EDDH-LEPA,Lufthansa,LH,391.0,EUR,economy,2026-10-15T11:00:00,2026-10-15T12:10:00
off_0000BAAJa8VRorXKCSni0u,2026-09-07,2026-10-15,HAM,PMI,EDDH-LEPA,Lufthansa,LH,391.0,EUR,economy,2026-10-15T10:30:00,2026-10-15T11:40:00
off_0000BAAJa8VnnXouDYxzZt,2026-09-07,2026-10-15,HAM,PMI,EDDH-LEPA,Lufthansa,LH,391.0,EUR,economy,2026-10-15T10:00:00,2026-10-15T11:10:00
off_0000BAAJa8YzbgN8NSSXX9,2026-09-07,2026-10-15,HAM,PMI,EDDH-LEPA,Lufthansa,LH,391.0,EUR,economy,2026-10-15T07:30:00,2026-10-15T08:40:00
off_0000BAAJa8ZhZ2wIPen6eD,2026-09-07,2026-10-15,HAM,PMI,EDDH-LEPA,Lufthansa,LH,391.0,EUR,economy,2026-10-15T07:00:00,2026-10-15T08:10:00
off_0000BAAJa8alV5n2SxHxIt,2026-09-07,2026-10-15,HAM,PMI,EDDH-LEPA,Lufthansa,LH,391.0,EUR,economy,2026-10-15T06:00:00,2026-10-15T07:10:00
off_0000BAAJa5KLdfsKLAaInW,2026-09-07,2026-10-15,HAM,PMI,EDDH-LEPA,SAS,SK,407.96,EUR,economy,2026-10-15T13:45:00,2026-10-15T15:15:00
off_0000BAAJa8U1u8P0848ZoN,2026-09-07,2026-10-15,HAM,PMI,EDDH-LEPA,SWISS,LX,417.9,EUR,economy,2026-10-15T10:50:00,2026-10-15T12:15:00
off_0000BAAJa8XDiGxEHxd7m5,2026-09-07,2026-10-15,HAM,PMI,EDDH-LEPA,SWISS,LX,417.9,EUR,economy,2026-10-15T09:25:00,2026-10-15T10:55:00
off_0000BAAJa8b7Tm4cU3SErb,2026-09-07,2026-10-15,HAM,PMI,EDDH-LEPA,Lufthansa,LH,428.2,EUR,economy,2026-10-15T06:00:00,2026-10-15T07:10:00
off_0000BAAJa5KLdfsKLAaInq,2026-09-07,2026-10-15,HAM,PMI,EDDH-LEPA,Eurowings,EW,459.41,EUR,economy,2026-10-15T16:30:00,2026-10-15T19:10:00
off_0000BAAJa5KhcM9uMGkaLm,2026-09-07,2026-10-15,HAM,PMI,EDDH-LEPA,Eurowings,EW,473.0,EUR,economy,2026-10-15T06:45:00,2026-10-15T07:40:00
off_0000BAAJa5L3b2RUNMurtb,2026-09-07,2026-10-15,HAM,PMI,EDDH-LEPA,Eurowings,EW,473.0,EUR,economy,2026-10-15T06:45:00,2026-10-15T07:40:00
off_0000BAAJa5L3b2RUNMuru1,2026-09-07,2026-10-15,HAM,PMI,EDDH-LEPA,Eurowings,EW,473.0,EUR,economy,2026-10-15T06:45:00,2026-10-15T07:40:00
off_0000BAAJa5KhcM9uMGkaLJ,2026-09-07,2026-10-15,HAM,PMI,EDDH-LEPA,Eurowings,EW,503.29,EUR,economy,2026-10-15T16:30:00,2026-10-15T19:10:00
off_0000BAAJa5LlYP0ePZFR0i,2026-09-07,2026-10-15,HAM,PMI,EDDH-LEPA,Eurowings,EW,503.29,EUR,economy,2026-10-15T06:20:00,2026-10-15T09:00:00
off_0000BAAJa5M7X5IEQfPiYG,2026-09-07,2026-10-15,HAM,PMI,EDDH-LEPA,Eurowings,EW,503.29,EUR,economy,2026-10-15T06:25:00,2026-10-15T09:05:00
off_0000BAAJa5M7X5IEQfPiYd,2026-09-07,2026-10-15,HAM,PMI,EDDH-LEPA,Eurowings,EW,503.29,EUR,economy,2026-10-15T06:55:00,2026-10-15T09:35:00
off_0000BAAJa5M7X5IEQfPiYy,2026-09-07,2026-10-15,HAM,PMI,EDDH-LEPA,Eurowings,EW,503.29,EUR,economy,2026-10-15T09:20:00,2026-10-15T12:00:00
off_0000BAAJa5MTVlZoRla06c,2026-09-07,2026-10-15,HAM,PMI,EDDH-LEPA,Eurowings,EW,503.29,EUR,economy,2026-10-15T16:20:00,2026-10-15T19:00:00
off_0000BAAJa5PJLDqSaYuGWs,2026-09-07,2026-10-15,HAM,PMI,EDDH-LEPA,Eurowings,EW,503.29,EUR,economy,2026-10-15T10:45:00,2026-10-15T13:25:00
off_0000BAAJa5LPZij4OT59S0,2026-09-07,2026-10-15,HAM,PMI,EDDH-LEPA,Eurowings,EW,516.88,EUR,economy,2026-10-15T06:45:00,2026-10-15T07:40:00
off_0000BAAJa5LPZij4OT59Sa,2026-09-07,2026-10-15,HAM,PMI,EDDH-LEPA,Eurowings,EW,516.88,EUR,economy,2026-10-15T06:45:00,2026-10-15T07:40:00
off_0000BAAJa5LlYP0ePZFR0J,2026-09-07,2026-10-15,HAM,PMI,EDDH-LEPA,Eurowings,EW,516.88,EUR,economy,2026-10-15T06:45:00,2026-10-15T07:40:00
off_0000BAAJa5MTVlZoRla072,2026-09-07,2026-10-15,HAM,PMI,EDDH-LEPA,Eurowings,EW,523.42,EUR,economy,2026-10-15T06:25:00,2026-10-15T07:45:00
off_0000BAAJa5MpURrOSrkHex,2026-09-07,2026-10-15,HAM,PMI,EDDH-LEPA,Eurowings,EW,523.42,EUR,economy,2026-10-15T06:25:00,2026-10-15T07:45:00
off_0000BAAJa5MpURrOSrkHfI,2026-09-07,2026-10-15,HAM,PMI,EDDH-LEPA,Eurowings,EW,523.42,EUR,economy,2026-10-15T14:30:00,2026-10-15T15:50:00
off_0000BAAJa5NBT88yTxuZDm,2026-09-07,2026-10-15,HAM,PMI,EDDH-LEPA,Eurowings,EW,534.95,EUR,economy,2026-10-15T11:15:00,2026-10-15T12:25:00
off_0000BAAJa5NXRoQYV44qlb,2026-09-07,2026-10-15,HAM,PMI,EDDH-LEPA,Eurowings,EW,534.95,EUR,economy,2026-10-15T15:35:00,2026-10-15T16:45:00
off_0000BAAJa5NXRoQYV44qly,2026-09-07,2026-10-15,HAM,PMI,EDDH-LEPA,Eurowings,EW,534.95,EUR,economy,2026-10-15T15:35:00,2026-10-15T16:45:00
off_0000BAAJa5NtQUi8WAF8Jr,2026-09-07,2026-10-15,HAM,PMI,EDDH-LEPA,Eurowings,EW,534.95,EUR,economy,2026-10-15T08:05:00,2026-10-15T09:15:00
off_0000BAAJa5NtQUi8WAF8KC,2026-09-07,2026-10-15,HAM,PMI,EDDH-LEPA,Condor Flugdienst,DE,769.56,EUR,economy,2026-10-15T07:55:00,2026-10-15T09:00:00
off_0000BAAJa5OFPAziXGPPrw,2026-09-07,2026-10-15,HAM,PMI,EDDH-LEPA,Condor Flugdienst,DE,769.56,EUR,economy,2026-10-15T07:55:00,2026-10-15T09:00:00
off_0000BAAJa5OFPAziXGPPsM,2026-09-07,2026-10-15,HAM,PMI,EDDH-LEPA,Condor Flugdienst,DE,769.56,EUR,economy,2026-10-15T11:55:00,2026-10-15T13:10:00
off_0000BAAJa5ObNrHIYMZhQP,2026-09-07,2026-10-15,HAM,PMI,EDDH-LEPA,Condor Flugdienst,DE,769.56,EUR,economy,2026-10-15T07:55:00,2026-10-15T09:00:00
off_0000BAAJa5ObNrHIYMZhQr,2026-09-07,2026-10-15,HAM,PMI,EDDH-LEPA,Condor Flugdienst,DE,777.56,EUR,economy,2026-10-15T17:05:00,2026-10-15T18:10:00
off_0000BAAJa5OxMXYsZSjyyW,2026-09-07,2026-10-15,HAM,PMI,EDDH-LEPA,Condor Flugdienst,DE,777.56,EUR,economy,2026-10-15T17:05:00,2026-10-15T18:10:00
off_0000BAAJaA1OBagGtokjRy,2026-09-07,2026-10-15,MUC,PMI,EDDM-LEPA,British Airways,BA,70.56,EUR,economy,2026-10-15T10:50:00,2026-10-15T13:02:00
off_0000BAAJaA0gEE76rcQAKb,2026-09-07,2026-10-15,MUC,PMI,EDDM-LEPA,Iberia,IB,70.61,EUR,economy,2026-10-15T10:50:00,2026-10-15T13:02:00
off_0000BAAJaDlEHc8CUrDso5,2026-09-07,2026-10-15,MUC,PMI,EDDM-LEPA,Condor Flugdienst,DE,76.05,EUR,economy,2026-10-15T05:55:00,2026-10-15T08:05:00
off_0000BAAJaDlEHc8CUrDsoe,2026-09-07,2026-10-15,MUC,PMI,EDDM-LEPA,Condor Flugdienst,DE,76.05,EUR,economy,2026-10-15T12:00:00,2026-10-15T14:10:00
off_0000BAAJaDlaGIPmVxOAM8,2026-09-07,2026-10-15,MUC,PMI,EDDM-LEPA,Condor Flugdienst,DE,76.05,EUR,economy,2026-10-15T18:10:00,2026-10-15T20:20:00
off_0000BAAJaCVawG1yc4tsoD,2026-09-07,2026-10-15,MUC,PMI,EDDM-LEPA,Vueling,VY,80.69,EUR,economy,2026-10-15T21:10:00,2026-10-15T23:30:00
off_0000BAAJaCVwuwJYdB4ALW,2026-09-07,2026-10-15,MUC,PMI,EDDM-LEPA,Vueling,VY,80.69,EUR,economy,2026-10-15T10:25:00,2026-10-15T12:45:00
off_0000BAAJaCVwuwJYdB4AM2,2026-09-07,2026-10-15,MUC,PMI,EDDM-LEPA,Vueling,VY,80.69,EUR,economy,2026-10-15T10:25:00,2026-10-15T12:45:00
off_0000BAAJaCVwuwJYdB4AMb,2026-09-07,2026-10-15,MUC,PMI,EDDM-LEPA,Vueling,VY,80.69,EUR,economy,2026-10-15T10:25:00,2026-10-15T12:45:00
off_0000BAAJaCWItcb8eHERu6,2026-09-07,2026-10-15,MUC,PMI,EDDM-LEPA,Vueling,VY,80.69,EUR,economy,2026-10-15T10:25:00,2026-10-15T12:45:00
off_0000BAAJaCWesIsifNOjRv,2026-09-07,2026-10-15,MUC,PMI,EDDM-LEPA,Vueling,VY,80.69,EUR,economy,2026-10-15T10:25:00,2026-10-15T12:45:00
off_0000BAAJaGtqc1o8ESHJAn,2026-09-07,2026-10-15,MUC,PMI,EDDM-LEPA,Lufthansa,LH,88.04,EUR,economy,2026-10-15T15:30:00,2026-10-15T17:40:00
off_0000BAAJaGuYZONIGebsHK,2026-09-07,2026-10-15,MUC,PMI,EDDM-LEPA,Lufthansa,LH,88.04,EUR,economy,2026-10-15T12:50:00,2026-10-15T15:05:00
off_0000BAAJaGtqc1o8ESHJA8,2026-09-07,2026-10-15,MUC,PMI,EDDM-LEPA,Discover Airlines,4Y,89.04,EUR,economy,2026-10-15T15:30:00,2026-10-15T17:40:00
off_0000BAAJaCVawG1yc4tsnY,2026-09-07,2026-10-15,MUC,PMI,EDDM-LEPA,Vueling,VY,90.39,EUR,economy,2026-10-15T21:10:00,2026-10-15T23:30:00
off_0000BAAJaGtqc1o8ESHJ9M,2026-09-07,2026-10-15,MUC,PMI,EDDM-LEPA,Lufthansa,LH,98.05,EUR,economy,2026-10-15T15:30:00,2026-10-15T17:40:00
off_0000BAAJaGuYZONIGebsGb,2026-09-07,2026-10-15,MUC,PMI,EDDM-LEPA,Lufthansa,LH,98.05,EUR,economy,2026-10-15T12:50:00,2026-10-15T15:05:00
off_0000BAAJaGtUdLWYDM71bX,2026-09-07,2026-10-15,MUC,PMI,EDDM-LEPA,Discover Airlines,4Y,99.05,EUR,economy,2026-10-15T15:30:00,2026-10-15T17:40:00
off_0000BAAJaCVExZkOayjbGE,2026-09-07,2026-10-15,MUC,PMI,EDDM-LEPA,Vueling,VY,103.01,EUR,economy,2026-10-15T21:10:00,2026-10-15T23:30:00
off_0000BAAJaGfJU4BJVNThW2,2026-09-07,2026-10-15,MUC,PMI,EDDM-LEPA,SWISS,LX,114.01,EUR,economy,2026-10-15T15:10:00,2026-10-15T16:10:00
off_0000BAAJaGirGt17gN8X1q,2026-09-07,2026-10-15,MUC,PMI,EDDM-LEPA,SWISS,LX,114.01,EUR,economy,2026-10-15T11:15:00,2026-10-15T12:15:00
off_0000BAAJaGoAx7GpwrcmJU,2026-09-07,2026-10-15,MUC,PMI,EDDM-LEPA,SWISS,LX,114.01,EUR,economy,2026-10-15T09:00:00,2026-10-15T10:00:00
off_0000BAAJaGpwqWgk2MSC5U,2026-09-07,2026-10-15,MUC,PMI,EDDM-LEPA,SWISS,LX,114.01,EUR,economy,2026-10-15T07:40:00,2026-10-15T08:40:00
off_0000BAAJaGr0mZXU5ex2ji,2026-09-07,2026-10-15,MUC,PMI,EDDM-LEPA,SWISS,LX,114.01,EUR,economy,2026-10-15T07:40:00,2026-10-15T08:40:00
off_0000BAAJaGhnKqANd4dgNe,2026-09-07,2026-10-15,MUC,PMI,EDDM-LEPA,Austrian,OS,120.54,EUR,economy,2026-10-15T11:30:00,2026-10-15T12:35:00
off_0000BAAJaDo474OqdeY9Dq,2026-09-07,2026-10-15,MUC,PMI,EDDM-LEPA,Air Europa,UX,122.51,EUR,economy,2026-10-15T10:45:00,2026-10-15T13:35:00
off_0000BAAJaDo474OqdeY9EI,2026-09-07,2026-10-15,MUC,PMI,EDDM-LEPA,Air Europa,UX,122.51,EUR,economy,2026-10-15T10:45:00,2026-10-15T13:35:00
off_0000BAAJaDoQ5kgQekiQlw,2026-09-07,2026-10-15,MUC,PMI,EDDM-LEPA,Air Europa,UX,122.51,EUR,economy,2026-10-15T10:45:00,2026-10-15T13:35:00
off_0000BAAJaGfJU4BJVNThVK,2026-09-07,2026-10-15,MUC,PMI,EDDM-LEPA,SWISS,LX,124.02,EUR,economy,2026-10-15T15:10:00,2026-10-15T16:10:00
off_0000BAAJaGiVICjXfGyFU1,2026-09-07,2026-10-15,MUC,PMI,EDDM-LEPA,SWISS,LX,124.02,EUR,economy,2026-10-15T11:15:00,2026-10-15T12:15:00
off_0000BAAJaGnoyQzFvlSUma,2026-09-07,2026-10-15,MUC,PMI,EDDM-LEPA,SWISS,LX,124.02,EUR,economy,2026-10-15T09:00:00,2026-10-15T10:00:00
off_0000BAAJaGpwqWgk2MSC4R,2026-09-07,2026-10-15,MUC,PMI,EDDM-LEPA,SWISS,LX,124.02,EUR,economy,2026-10-15T07:40:00,2026-10-15T08:40:00
off_0000BAAJaGqentFu4YmlCj,2026-09-07,2026-10-15,MUC,PMI,EDDM-LEPA,SWISS,LX,124.02,EUR,economy,2026-10-15T07:40:00,2026-10-15T08:40:00
off_0000BAAJaGgNQ723YfyY9v,2026-09-07,2026-10-15,MUC,PMI,EDDM-LEPA,Lufthansa,LH,125.31,EUR,economy,2026-10-15T14:00:00,2026-10-15T15:00:00
off_0000BAAJaGh5NTbDasJ7HL,2026-09-07,2026-10-15,MUC,PMI,EDDM-LEPA,Lufthansa,LH,125.31,EUR,economy,2026-10-15T12:00:00,2026-10-15T13:00:00
off_0000BAAJaGkHBc9RklnfFL,2026-09-07,2026-10-15,MUC,PMI,EDDM-LEPA,Lufthansa,LH,125.31,EUR,economy,2026-10-15T11:00:00,2026-10-15T12:00:00
off_0000BAAJaGlL7f0Bo4IVtX,2026-09-07,2026-10-15,MUC,PMI,EDDM-LEPA,Lufthansa,LH,125.31,EUR,economy,2026-10-15T10:00:00,2026-10-15T11:00:00
off_0000BAAJaGn714Q5tZ7vee,2026-09-07,2026-10-15,MUC,PMI,EDDM-LEPA,Lufthansa,LH,125.31,EUR,economy,2026-10-15T09:00:00,2026-10-15T10:00:00
off_0000BAAJaGosuTpzz3xLR9,2026-09-07,2026-10-15,MUC,PMI,EDDM-LEPA,Lufthansa,LH,125.31,EUR,economy,2026-10-15T08:00:00,2026-10-15T09:00:00
off_0000BAAJaGs4icOE8xRtOJ,2026-09-07,2026-10-15,MUC,PMI,EDDM-LEPA,Lufthansa,LH,125.31,EUR,economy,2026-10-15T07:00:00,2026-10-15T08:00:00
off_0000BAAJaGhnKqANd4dgN5,2026-09-07,2026-10-15,MUC,PMI,EDDM-LEPA,Austrian,OS,130.54,EUR,economy,2026-10-15T11:30:00,2026-10-15T12:35:00
off_0000BAAJaGtUdLWYDM71ay,2026-09-07,2026-10-15,MUC,PMI,EDDM-LEPA,Lufthansa,LH,133.09,EUR,economy,2026-10-15T15:30:00,2026-10-15T17:40:00
off_0000BAAJaGuYZONIGebsFq,2026-09-07,2026-10-15,MUC,PMI,EDDM-LEPA,Lufthansa,LH,133.09,EUR,economy,2026-10-15T12:50:00,2026-10-15T15:05:00
off_0000BAAJaGt8efEyCFwk3C,2026-09-07,2026-10-15,MUC,PMI,EDDM-LEPA,Discover Airlines,4Y,134.09,EUR,economy,2026-10-15T15:30:00,2026-10-15T17:40:00
off_0000BAAJaGg1RQkTXZoGcl,2026-09-07,2026-10-15,MUC,PMI,EDDM-LEPA,Lufthansa,LH,135.32,EUR,economy,2026-10-15T14:00:00,2026-10-15T15:00:00
off_0000BAAJaGh5NTbDasJ7GO,2026-09-07,2026-10-15,MUC,PMI,EDDM-LEPA,Lufthansa,LH,135.32,EUR,economy,2026-10-15T12:00:00,2026-10-15T13:00:00
off_0000BAAJaGkHBc9RklnfES,2026-09-07,2026-10-15,MUC,PMI,EDDM-LEPA,Lufthansa,LH,135.32,EUR,economy,2026-10-15T11:00:00,2026-10-15T12:00:00
off_0000BAAJaGkz8yibmy8EM9,2026-09-07,2026-10-15,MUC,PMI,EDDM-LEPA,Lufthansa,LH,135.32,EUR,economy,2026-10-15T10:00:00,2026-10-15T11:00:00
off_0000BAAJaGml2O8VsSxe6t,2026-09-07,2026-10-15,MUC,PMI,EDDM-LEPA,Lufthansa,LH,135.32,EUR,economy,2026-10-15T09:00:00,2026-10-15T10:00:00
off_0000BAAJaGosuTpzz3xLQE,2026-09-07,2026-10-15,MUC,PMI,EDDM-LEPA,Lufthansa,LH,135.32,EUR,economy,2026-10-15T08:00:00,2026-10-15T09:00:00
off_0000BAAJaGrijw6e7rHbqc,2026-09-07,2026-10-15,MUC,PMI,EDDM-LEPA,Lufthansa,LH,135.32,EUR,economy,2026-10-15T07:00:00,2026-10-15T08:00:00
off_0000BAAJaGsmfyxOB9mSUt,2026-09-07,2026-10-15,MUC,PMI,EDDM-LEPA,Lufthansa,LH,148.12,EUR,economy,2026-10-15T15:30:00,2026-10-15T17:40:00
off_0000BAAJaGuCai5iFYRaii,2026-09-07,2026-10-15,MUC,PMI,EDDM-LEPA,Lufthansa,LH,148.12,EUR,economy,2026-10-15T12:50:00,2026-10-15T15:05:00
off_0000BAAJaGsQhIfoA3cAxT,2026-09-07,2026-10-15,MUC,PMI,EDDM-LEPA,Discover Airlines,4Y,149.12,EUR,economy,2026-10-15T15:30:00,2026-10-15T17:40:00
off_0000BAAJaDsfpw5OrwhpPP,2026-09-07,2026-10-15,MUC,PMI,EDDM-LEPA,LOT Polish Airlines,LO,151.76,EUR,economy,2026-10-15T07:00:00,2026-10-15T08:35:00
off_0000BAAJaDrbttEeoeCykI,2026-09-07,2026-10-15,MUC,PMI,EDDM-LEPA,Air Europa,UX,152.62,EUR,economy,2026-10-15T10:45:00,2026-10-15T13:35:00
off_0000BAAJaDrbttEeoeCykv,2026-09-07,2026-10-15,MUC,PMI,EDDM-LEPA,Air Europa,UX,152.62,EUR,economy,2026-10-15T10:45:00,2026-10-15T13:35:00
off_0000BAAJaDrbttEeoeCylU,2026-09-07,2026-10-15,MUC,PMI,EDDM-LEPA,Air Europa,UX,152.62,EUR,economy,2026-10-15T10:45:00,2026-10-15T13:35:00
off_0000BAAJaGexVNtjUHJPxq,2026-09-07,2026-10-15,MUC,PMI,EDDM-LEPA,SWISS,LX,159.07,EUR,economy,2026-10-15T15:10:00,2026-10-15T16:10:00
off_0000BAAJaGiVICjXfGyFTH,2026-09-07,2026-10-15,MUC,PMI,EDDM-LEPA,SWISS,LX,159.07,EUR,economy,2026-10-15T11:15:00,2026-10-15T12:15:00
off_0000BAAJaGnoyQzFvlSUlN,2026-09-07,2026-10-15,MUC,PMI,EDDM-LEPA,SWISS,LX,159.07,EUR,economy,2026-10-15T09:00:00,2026-10-15T10:00:00
off_0000BAAJaGparqPA1GHuX5,2026-09-07,2026-10-15,MUC,PMI,EDDM-LEPA,SWISS,LX,159.07,EUR,economy,2026-10-15T07:40:00,2026-10-15T08:40:00
off_0000BAAJaGqentFu4YmlBe,2026-09-07,2026-10-15,MUC,PMI,EDDM-LEPA,SWISS,LX,159.07,EUR,economy,2026-10-15T07:40:00,2026-10-15T08:40:00
off_0000BAAJaGhnKqANd4dgMZ,2026-09-07,2026-10-15,MUC,PMI,EDDM-LEPA,Austrian,OS,165.59,EUR,economy,2026-10-15T11:30:00,2026-10-15T12:35:00
off_0000BAAJaGg1RQkTXZoGbl,2026-09-07,2026-10-15,MUC,PMI,EDDM-LEPA,Lufthansa,LH,170.36,EUR,economy,2026-10-15T14:00:00,2026-10-15T15:00:00
off_0000BAAJaGgjOnJdZm8pib,2026-09-07,2026-10-15,MUC,PMI,EDDM-LEPA,Lufthansa,LH,170.36,EUR,economy,2026-10-15T12:00:00,2026-10-15T13:00:00
off_0000BAAJaGjvCvrrjfdNh8,2026-09-07,2026-10-15,MUC,PMI,EDDM-LEPA,Lufthansa,LH,170.36,EUR,economy,2026-10-15T11:00:00,2026-10-15T12:00:00
off_0000BAAJaGkz8yibmy8ELM,2026-09-07,2026-10-15,MUC,PMI,EDDM-LEPA,Lufthansa,LH,170.36,EUR,economy,2026-10-15T10:00:00,2026-10-15T11:00:00
off_0000BAAJaGml2O8VsSxe6F,2026-09-07,2026-10-15,MUC,PMI,EDDM-LEPA,Lufthansa,LH,170.36,EUR,economy,2026-10-15T09:00:00,2026-10-15T10:00:00
off_0000BAAJaGoWvnYPxxn3sw,2026-09-07,2026-10-15,MUC,PMI,EDDM-LEPA,Lufthansa,LH,170.36,EUR,economy,2026-10-15T08:00:00,2026-10-15T09:00:00
off_0000BAAJaGrijw6e7rHbpp,2026-09-07,2026-10-15,MUC,PMI,EDDM-LEPA,Lufthansa,LH,170.36,EUR,economy,2026-10-15T07:00:00,2026-10-15T08:00:00
off_0000BAAJaGexVNtjUHJPwu,2026-09-07,2026-10-15,MUC,PMI,EDDM-LEPA,SWISS,LX,174.09,EUR,economy,2026-10-15T15:10:00,2026-10-15T16:10:00
off_0000BAAJaGi9JWRxeAnxvR,2026-09-07,2026-10-15,MUC,PMI,EDDM-LEPA,SWISS,LX,174.09,EUR,economy,2026-10-15T11:15:00,2026-10-15T12:15:00
off_0000BAAJaGnSzkhfufIDDm,2026-09-07,2026-10-15,MUC,PMI,EDDM-LEPA,SWISS,LX,174.09,EUR,economy,2026-10-15T09:00:00,2026-10-15T10:00:00
off_0000BAAJaGparqPA1GHuWD,2026-09-07,2026-10-15,MUC,PMI,EDDM-LEPA,SWISS,LX,174.09,EUR,economy,2026-10-15T07:40:00,2026-10-15T08:40:00
off_0000BAAJaGqIpCyK3ScTeE,2026-09-07,2026-10-15,MUC,PMI,EDDM-LEPA,SWISS,LX,174.09,EUR,economy,2026-10-15T07:40:00,2026-10-15T08:40:00
off_0000BAAJaDt1ocMyt2s6xi,2026-09-07,2026-10-15,MUC,PMI,EDDM-LEPA,Eurowings,EW,178.77,EUR,economy,2026-10-15T08:25:00,2026-10-15T09:45:00
off_0000BAAJaGhRM9snbyTOpQ,2026-09-07,2026-10-15,MUC,PMI,EDDM-LEPA,Austrian,OS,180.61,EUR,economy,2026-10-15T11:30:00,2026-10-15T12:35:00
off_0000BAAJaDsfpw5OrwhpPp,2026-09-07,2026-10-15,MUC,PMI,EDDM-LEPA,LOT Polish Airlines,LO,181.01,EUR,economy,2026-10-15T07:00:00,2026-10-15T08:35:00
off_0000BAAJaGffSkStWTdz4H,2026-09-07,2026-10-15,MUC,PMI,EDDM-LEPA,Lufthansa,LH,185.39,EUR,economy,2026-10-15T14:00:00,2026-10-15T15:00:00
off_0000BAAJaGgjOnJdZm8phk,2026-09-07,2026-10-15,MUC,PMI,EDDM-LEPA,Lufthansa,LH,185.39,EUR,economy,2026-10-15T12:00:00,2026-10-15T13:00:00
off_0000BAAJaGjvCvrrjfdNg8,2026-09-07,2026-10-15,MUC,PMI,EDDM-LEPA,Lufthansa,LH,185.39,EUR,economy,2026-10-15T11:00:00,2026-10-15T12:00:00
off_0000BAAJaGkdAIR1lrxwnV,2026-09-07,2026-10-15,MUC,PMI,EDDM-LEPA,Lufthansa,LH,185.39,EUR,economy,2026-10-15T10:00:00,2026-10-15T11:00:00
off_0000BAAJaGmP3hqvrMnMYS,2026-09-07,2026-10-15,MUC,PMI,EDDM-LEPA,Lufthansa,LH,185.39,EUR,economy,2026-10-15T09:00:00,2026-10-15T10:00:00
off_0000BAAJaGoWvnYPxxn3ru,2026-09-07,2026-10-15,MUC,PMI,EDDM-LEPA,Lufthansa,LH,185.39,EUR,economy,2026-10-15T08:00:00,2026-10-15T09:00:00
off_0000BAAJaGrMlFp46l7KIM,2026-09-07,2026-10-15,MUC,PMI,EDDM-LEPA,Lufthansa,LH,185.39,EUR,economy,2026-10-15T07:00:00,2026-10-15T08:00:00
off_0000BAAJaDrxsZWEpkNGJc,2026-09-07,2026-10-15,MUC,PMI,EDDM-LEPA,Air Europa,UX,187.03,EUR,economy,2026-10-15T10:45:00,2026-10-15T13:35:00
off_0000BAAJaDsJrFnoqqXXrI,2026-09-07,2026-10-15,MUC,PMI,EDDM-LEPA,Air Europa,UX,187.03,EUR,economy,2026-10-15T10:45:00,2026-10-15T13:35:00
off_0000BAAJaDsJrFnoqqXXrn,2026-09-07,2026-10-15,MUC,PMI,EDDM-LEPA,Air Europa,UX,187.03,EUR,economy,2026-10-15T10:45:00,2026-10-15T13:35:00
off_0000BAAJaGjZEFaHiZT682,2026-09-07,2026-10-15,MUC,PMI,EDDM-LEPA,SWISS,LX,189.16,EUR,economy,2026-10-15T11:15:00,2026-10-15T12:15:00
off_0000BAAJaGm351ZLqGd4zw,2026-09-07,2026-10-15,MUC,PMI,EDDM-LEPA,SWISS,LX,189.16,EUR,economy,2026-10-15T09:00:00,2026-10-15T10:00:00
off_0000BAAJaGsQhIfoA3cAwY,2026-09-07,2026-10-15,MUC,PMI,EDDM-LEPA,Lufthansa,LH,203.19,EUR,economy,2026-10-15T15:30:00,2026-10-15T17:40:00
off_0000BAAJaGuCai5iFYRahz,2026-09-07,2026-10-15,MUC,PMI,EDDM-LEPA,Lufthansa,LH,203.19,EUR,economy,2026-10-15T12:50:00,2026-10-15T15:05:00
off_0000BAAJaGs4icOE8xRtOz,2026-09-07,2026-10-15,MUC,PMI,EDDM-LEPA,Discover Airlines,4Y,204.19,EUR,economy,2026-10-15T15:30:00,2026-10-15T17:40:00
off_0000BAAJaDsfpw5OrwhpQE,2026-09-07,2026-10-15,MUC,PMI,EDDM-LEPA,LOT Polish Airlines,LO,205.96,EUR,economy,2026-10-15T07:00:00,2026-10-15T08:35:00
off_0000BAAJaDlaGIPmVxOANJ,2026-09-07,2026-10-15,MUC,PMI,EDDM-LEPA,Aer Lingus,EI,206.3,EUR,economy,2026-10-15T11:25:00,2026-10-15T13:05:00
off_0000BAAJaDlwEyhMX3YRuk,2026-09-07,2026-10-15,MUC,PMI,EDDM-LEPA,Air Europa,UX,222.31,EUR,economy,2026-10-15T19:00:00,2026-10-15T21:50:00
off_0000BAAJaGjDFZIhhTIob2,2026-09-07,2026-10-15,MUC,PMI,EDDM-LEPA,SWISS,LX,224.21,EUR,economy,2026-10-15T11:15:00,2026-10-15T12:15:00
off_0000BAAJaGlh6LHlpASnSY,2026-09-07,2026-10-15,MUC,PMI,EDDM-LEPA,SWISS,LX,224.21,EUR,economy,2026-10-15T09:00:00,2026-10-15T10:00:00
off_0000BAAJaGebWhc9TB98PI,2026-09-07,2026-10-15,MUC,PMI,EDDM-LEPA,SWISS,LX,229.16,EUR,economy,2026-10-15T15:10:00,2026-10-15T16:10:00
off_0000BAAJaGi9JWRxeAnxum,2026-09-07,2026-10-15,MUC,PMI,EDDM-LEPA,SWISS,LX,229.16,EUR,economy,2026-10-15T11:15:00,2026-10-15T12:15:00
off_0000BAAJaGn714Q5tZ7vfW,2026-09-07,2026-10-15,MUC,PMI,EDDM-LEPA,SWISS,LX,229.16,EUR,economy,2026-10-15T09:00:00,2026-10-15T10:00:00
off_0000BAAJaGpEtA7a0A7cyg,2026-09-07,2026-10-15,MUC,PMI,EDDM-LEPA,SWISS,LX,229.16,EUR,economy,2026-10-15T07:40:00,2026-10-15T08:40:00
off_0000BAAJaGqIpCyK3ScTdJ,2026-09-07,2026-10-15,MUC,PMI,EDDM-LEPA,SWISS,LX,229.16,EUR,economy,2026-10-15T07:40:00,2026-10-15T08:40:00
off_0000BAAJaDmIDeywY9ijTd,2026-09-07,2026-10-15,MUC,PMI,EDDM-LEPA,Air Europa,UX,229.79,EUR,economy,2026-10-15T19:00:00,2026-10-15T21:50:00
off_0000BAAJaDmeCLGWZFt11I,2026-09-07,2026-10-15,MUC,PMI,EDDM-LEPA,Air Europa,UX,229.79,EUR,economy,2026-10-15T19:00:00,2026-10-15T21:50:00
off_0000BAAJaGhRM9snbyTOoj,2026-09-07,2026-10-15,MUC,PMI,EDDM-LEPA,Austrian,OS,235.68,EUR,economy,2026-10-15T11:30:00,2026-10-15T12:35:00
off_0000BAAJaGjDFZIhhTIoa2,2026-09-07,2026-10-15,MUC,PMI,EDDM-LEPA,SWISS,LX,239.22,EUR,economy,2026-10-15T11:15:00,2026-10-15T12:15:00
off_0000BAAJaGlh6LHlpASnRq,2026-09-07,2026-10-15,MUC,PMI,EDDM-LEPA,SWISS,LX,239.22,EUR,economy,2026-10-15T09:00:00,2026-10-15T10:00:00
off_0000BAAJaGffSkStWTdz3a,2026-09-07,2026-10-15,MUC,PMI,EDDM-LEPA,Lufthansa,LH,240.46,EUR,economy,2026-10-15T14:00:00,2026-10-15T15:00:00
off_0000BAAJaGgNQ723YfyYAg,2026-09-07,2026-10-15,MUC,PMI,EDDM-LEPA,Lufthansa,LH,240.46,EUR,economy,2026-10-15T12:00:00,2026-10-15T13:00:00
off_0000BAAJaGjZEFaHiZT690,2026-09-07,2026-10-15,MUC,PMI,EDDM-LEPA,Lufthansa,LH,240.46,EUR,economy,2026-10-15T11:00:00,2026-10-15T12:00:00
off_0000BAAJaGkdAIR1lrxwmd,2026-09-07,2026-10-15,MUC,PMI,EDDM-LEPA,Lufthansa,LH,240.46,EUR,economy,2026-10-15T10:00:00,2026-10-15T11:00:00
off_0000BAAJaGm351ZLqGd50m,2026-09-07,2026-10-15,MUC,PMI,EDDM-LEPA,Lufthansa,LH,240.46,EUR,economy,2026-10-15T09:00:00,2026-10-15T10:00:00
off_0000BAAJaGoAx7GpwrcmKh,2026-09-07,2026-10-15,MUC,PMI,EDDM-LEPA,Lufthansa,LH,240.46,EUR,economy,2026-10-15T08:00:00,2026-10-15T09:00:00
off_0000BAAJaGrMlFp46l7KHY,2026-09-07,2026-10-15,MUC,PMI,EDDM-LEPA,Lufthansa,LH,240.46,EUR,economy,2026-10-15T07:00:00,2026-10-15T08:00:00
off_0000BAAJaDlwEyhMX3YRvQ,2026-09-07,2026-10-15,MUC,PMI,EDDM-LEPA,Air Europa,UX,251.56,EUR,economy,2026-10-15T19:00:00,2026-10-15T21:50:00
off_0000BAAJaDni8O7GcYNrfM,2026-09-07,2026-10-15,MUC,PMI,EDDM-LEPA,TAP Air Portugal,TP,252.16,EUR,economy,2026-10-15T20:00:00,2026-10-15T22:25:00
off_0000BAAJaDn0B1Y6aM3IZD,2026-09-07,2026-10-15,MUC,PMI,EDDM-LEPA,Air Europa,UX,259.04,EUR,economy,2026-10-15T19:00:00,2026-10-15T21:50:00
off_0000BAAJaDn0B1Y6aM3IZs,2026-09-07,2026-10-15,MUC,PMI,EDDM-LEPA,Air Europa,UX,259.04,EUR,economy,2026-10-15T19:00:00,2026-10-15T21:50:00
off_0000BAAJaDmIDeywY9ijSs,2026-09-07,2026-10-15,MUC,PMI,EDDM-LEPA,Air Europa,UX,286.83,EUR,economy,2026-10-15T19:00:00,2026-10-15T21:50:00
off_0000BAAJaGirGt17gN8X2a,2026-09-07,2026-10-15,MUC,PMI,EDDM-LEPA,SWISS,LX,294.3,EUR,economy,2026-10-15T11:15:00,2026-10-15T12:15:00
off_0000BAAJaGlL7f0Bo4IVuF,2026-09-07,2026-10-15,MUC,PMI,EDDM-LEPA,SWISS,LX,294.3,EUR,economy,2026-10-15T09:00:00,2026-10-15T10:00:00
off_0000BAAJaDnM9hpgbSDa7R,2026-09-07,2026-10-15,MUC,PMI,EDDM-LEPA,Air Europa,UX,294.32,EUR,economy,2026-10-15T19:00:00,2026-10-15T21:50:00
off_0000BAAJaDnM9hpgbSDa7u,2026-09-07,2026-10-15,MUC,PMI,EDDM-LEPA,Air Europa,UX,294.32,EUR,economy,2026-10-15T19:00:00,2026-10-15T21:50:00
off_0000BAAJaDni8O7GcYNrfg,2026-09-07,2026-10-15,MUC,PMI,EDDM-LEPA,TAP Air Portugal,TP,312.38,EUR,economy,2026-10-15T20:00:00,2026-10-15T22:25:00
off_0000BAAJaDni8O7GcYNrg4,2026-09-07,2026-10-15,MUC,PMI,EDDM-LEPA,TAP Air Portugal,TP,396.69,EUR,economy,2026-10-15T20:00:00,2026-10-15T22:25:00
off_0000BAAJaDoQ5kgQekiQm3,2026-09-07,2026-10-15,MUC,PMI,EDDM-LEPA,Eurowings,EW,403.49,EUR,economy,2026-10-15T13:05:00,2026-10-15T14:15:00
off_0000BAAJaDoQ5kgQekiQmA,2026-09-07,2026-10-15,MUC,PMI,EDDM-LEPA,Eurowings,EW,403.49,EUR,economy,2026-10-15T13:05:00,2026-10-15T14:15:00
off_0000BAAJaDp837Fagx2zsz,2026-09-07,2026-10-15,MUC,PMI,EDDM-LEPA,Eurowings,EW,435.49,EUR,economy,2026-10-15T11:15:00,2026-10-15T13:25:00
off_0000BAAJaDpU1nXAi3DHQm,2026-09-07,2026-10-15,MUC,PMI,EDDM-LEPA,Eurowings,EW,435.49,EUR,economy,2026-10-15T12:15:00,2026-10-15T14:25:00
off_0000BAAJaDpU1nXAi3DHR6,2026-09-07,2026-10-15,MUC,PMI,EDDM-LEPA,Eurowings,EW,435.49,EUR,economy,2026-10-15T20:25:00,2026-10-15T22:35:00
off_0000BAAJaDom4Qy0fqsiKK,2026-09-07,2026-10-15,MUC,PMI,EDDM-LEPA,Eurowings,EW,449.09,EUR,economy,2026-10-15T13:05:00,2026-10-15T14:15:00
off_0000BAAJaDom4Qy0fqsiKl,2026-09-07,2026-10-15,MUC,PMI,EDDM-LEPA,Eurowings,EW,449.09,EUR,economy,2026-10-15T13:05:00,2026-10-15T14:15:00
off_0000BAAJaDpq0Tokj9NYz4,2026-09-07,2026-10-15,MUC,PMI,EDDM-LEPA,Eurowings,EW,449.09,EUR,economy,2026-10-15T08:50:00,2026-10-15T10:00:00
off_0000BAAJaDqBzA6KkFXqXA,2026-09-07,2026-10-15,MUC,PMI,EDDM-LEPA,Eurowings,EW,449.09,EUR,economy,2026-10-15T08:50:00,2026-10-15T10:00:00
off_0000BAAJaDqBzA6KkFXqXg,2026-09-07,2026-10-15,MUC,PMI,EDDM-LEPA,Eurowings,EW,449.09,EUR,economy,2026-10-15T08:50:00,2026-10-15T10:00:00
off_0000BAAJaDqXxqNulLi85S,2026-09-07,2026-10-15,MUC,PMI,EDDM-LEPA,Eurowings,EW,449.09,EUR,economy,2026-10-15T08:50:00,2026-10-15T10:00:00
off_0000BAAJaDqXxqNulLi85x,2026-09-07,2026-10-15,MUC,PMI,EDDM-LEPA,Eurowings,EW,457.26,EUR,economy,2026-10-15T08:45:00,2026-10-15T09:55:00
off_0000BAAJaDqXxqNulLi86K,2026-09-07,2026-10-15,MUC,PMI,EDDM-LEPA,Eurowings,EW,457.26,EUR,economy,2026-10-15T08:45:00,2026-10-15T09:55:00
off_0000BAAJaDt1ocMyt2s6yK,2026-09-07,2026-10-15,MUC,PMI,EDDM-LEPA,Eurowings,EW,457.52,EUR,economy,2026-10-15T08:25:00,2026-10-15T09:45:00
off_0000BAAJaDqtwWfUmRsPe0,2026-09-07,2026-10-15,MUC,PMI,EDDM-LEPA,TAP Air Portugal,TP,458.72,EUR,economy,2026-10-15T20:20:00,2026-10-15T22:45:00
off_0000BAAJaDrFvCx4nY2hCC,2026-09-07,2026-10-15,MUC,PMI,EDDM-LEPA,Norwegian Air Sweden,D8,510.77,EUR,economy,2026-10-15T14:25:00,2026-10-15T16:35:00
off_0000BAAJaDqtwWfUmRsPeO,2026-09-07,2026-10-15,MUC,PMI,EDDM-LEPA,TAP Air Portugal,TP,543.03,EUR,economy,2026-10-15T20:20:00,2026-10-15T22:45:00
off_0000BAAJaDrFvCx4nY2hCh,2026-09-07,2026-10-15,MUC,PMI,EDDM-LEPA,Norwegian Air Sweden,D8,940.07,EUR,economy,2026-10-15T14:25:00,2026-10-15T16:35:00
off_0000BAAJaIMFBw7GkoZV3n,2026-09-07,2026-10-15,MUC,VLC,EDDM-LEVC,Iberia,IB,76.93,EUR,economy,2026-10-15T10:50:00,2026-10-15T13:16:00
off_0000BAAJaIMFBw7GkoZV35,2026-09-07,2026-10-15,MUC,VLC,EDDM-LEVC,British Airways,BA,79.07,EUR,economy,2026-10-15T10:50:00,2026-10-15T13:16:00
off_0000BAAJaKyFTbhkrGMsZr,2026-09-07,2026-10-15,MUC,VLC,EDDM-LEVC,Air Europa,UX,123.11,EUR,economy,2026-10-15T10:45:00,2026-10-15T13:35:00
off_0000BAAJaL0NLhPExrMZtt,2026-09-07,2026-10-15,MUC,VLC,EDDM-LEVC,Air Europa,UX,131.11,EUR,economy,2026-10-15T10:45:00,2026-10-15T13:35:00
off_0000BAAJaL01N17ewlCILE,2026-09-07,2026-10-15,MUC,VLC,EDDM-LEVC,Air Europa,UX,153.22,EUR,economy,2026-10-15T10:45:00,2026-10-15T13:35:00
off_0000BAAJaL0jKNgoyxWrR5,2026-09-07,2026-10-15,MUC,VLC,EDDM-LEVC,Air Europa,UX,161.22,EUR,economy,2026-10-15T10:45:00,2026-10-15T13:35:00
off_0000BAAJaL0NLhPExrMZsx,2026-09-07,2026-10-15,MUC,VLC,EDDM-LEVC,Air Europa,UX,187.64,EUR,economy,2026-10-15T10:45:00,2026-10-15T13:35:00
off_0000BAAJaL0jKNgoyxWrS1,2026-09-07,2026-10-15,MUC,VLC,EDDM-LEVC,Air Europa,UX,195.64,EUR,economy,2026-10-15T10:45:00,2026-10-15T13:35:00
off_0000BAAJaQwhGI1pOBgiyh,2026-09-07,2026-10-15,MUC,VLC,EDDM-LEVC,Lufthansa,LH,214.23,EUR,economy,2026-10-15T08:25:00,2026-10-15T11:00:00
off_0000BAAJaL15J3yP03h8z3,2026-09-07,2026-10-15,MUC,VLC,EDDM-LEVC,Air Europa,UX,222.91,EUR,economy,2026-10-15T19:00:00,2026-10-15T21:50:00
off_0000BAAJaQwLHbkFN5WRRK,2026-09-07,2026-10-15,MUC,VLC,EDDM-LEVC,Lufthansa,LH,224.24,EUR,economy,2026-10-15T08:25:00,2026-10-15T11:00:00
off_0000BAAJaKybSHzKsMXA7N,2026-09-07,2026-10-15,MUC,VLC,EDDM-LEVC,Air Europa,UX,230.91,EUR,economy,2026-10-15T19:00:00,2026-10-15T21:50:00
off_0000BAAJaKyxQyGutShRgR,2026-09-07,2026-10-15,MUC,VLC,EDDM-LEVC,TAP Air Portugal,TP,231.51,EUR,economy,2026-10-15T13:35:00,2026-10-15T16:00:00
off_0000BAAJaKzJPeYUuYrjE0,2026-09-07,2026-10-15,MUC,VLC,EDDM-LEVC,TAP Air Portugal,TP,231.51,EUR,economy,2026-10-15T06:05:00,2026-10-15T08:30:00
off_0000BAAJaQn7psN8uVD54n,2026-09-07,2026-10-15,MUC,VLC,EDDM-LEVC,SWISS,LX,248.24,EUR,economy,2026-10-15T19:05:00,2026-10-15T20:05:00
off_0000BAAJaQsnUmuRC5rbu3,2026-09-07,2026-10-15,MUC,VLC,EDDM-LEVC,SWISS,LX,248.24,EUR,economy,2026-10-15T11:15:00,2026-10-15T12:15:00
off_0000BAAJaQuDPW2lGUWk7K,2026-09-07,2026-10-15,MUC,VLC,EDDM-LEVC,SWISS,LX,248.24,EUR,economy,2026-10-15T09:00:00,2026-10-15T10:00:00
off_0000BAAJaQvHLYtVJn1amS,2026-09-07,2026-10-15,MUC,VLC,EDDM-LEVC,SWISS,LX,248.24,EUR,economy,2026-10-15T07:40:00,2026-10-15T08:40:00
off_0000BAAJaQwLHbkFN5WRQz,2026-09-07,2026-10-15,MUC,VLC,EDDM-LEVC,Lufthansa,LH,249.27,EUR,economy,2026-10-15T08:25:00,2026-10-15T11:00:00
off_0000BAAJaL15J3yP03h8zv,2026-09-07,2026-10-15,MUC,VLC,EDDM-LEVC,Air Europa,UX,252.16,EUR,economy,2026-10-15T19:00:00,2026-10-15T21:50:00
off_0000BAAJaQr1bNUX6b2C9V,2026-09-07,2026-10-15,MUC,VLC,EDDM-LEVC,Brussels Airlines,SN,254.64,EUR,economy,2026-10-15T11:50:00,2026-10-15T13:10:00
off_0000BAAJaQn7psN8uVD54Q,2026-09-07,2026-10-15,MUC,VLC,EDDM-LEVC,SWISS,LX,258.25,EUR,economy,2026-10-15T19:05:00,2026-10-15T20:05:00
off_0000BAAJaQsRW6crAzhKMD,2026-09-07,2026-10-15,MUC,VLC,EDDM-LEVC,SWISS,LX,258.25,EUR,economy,2026-10-15T11:15:00,2026-10-15T12:15:00
off_0000BAAJaQuDPW2lGUWk6u,2026-09-07,2026-10-15,MUC,VLC,EDDM-LEVC,SWISS,LX,258.25,EUR,economy,2026-10-15T09:00:00,2026-10-15T10:00:00
off_0000BAAJaQvHLYtVJn1aly,2026-09-07,2026-10-15,MUC,VLC,EDDM-LEVC,SWISS,LX,258.25,EUR,economy,2026-10-15T07:40:00,2026-10-15T08:40:00
off_0000BAAJaQoBlvDsxnhvih,2026-09-07,2026-10-15,MUC,VLC,EDDM-LEVC,Lufthansa,LH,259.53,EUR,economy,2026-10-15T18:00:00,2026-10-15T19:00:00
off_0000BAAJaQoXkbVSytsDID,2026-09-07,2026-10-15,MUC,VLC,EDDM-LEVC,Lufthansa,LH,259.53,EUR,economy,2026-10-15T17:00:00,2026-10-15T18:00:00
off_0000BAAJaQpbgeMD2CN3w3,2026-09-07,2026-10-15,MUC,VLC,EDDM-LEVC,Lufthansa,LH,259.53,EUR,economy,2026-10-15T15:00:00,2026-10-15T16:00:00
off_0000BAAJaQqJe0vN4Ohd2j,2026-09-07,2026-10-15,MUC,VLC,EDDM-LEVC,Lufthansa,LH,259.53,EUR,economy,2026-10-15T12:00:00,2026-10-15T13:00:00
off_0000BAAJaQrjYk3h8nMlFq,2026-09-07,2026-10-15,MUC,VLC,EDDM-LEVC,Lufthansa,LH,259.53,EUR,economy,2026-10-15T11:30:00,2026-10-15T12:30:00
off_0000BAAJaQtVS9TbEICB0X,2026-09-07,2026-10-15,MUC,VLC,EDDM-LEVC,Lufthansa,LH,259.53,EUR,economy,2026-10-15T11:00:00,2026-10-15T12:00:00
off_0000BAAJaQvzIvSfLzM9sx,2026-09-07,2026-10-15,MUC,VLC,EDDM-LEVC,Lufthansa,LH,259.53,EUR,economy,2026-10-15T07:00:00,2026-10-15T08:00:00
off_0000BAAJaKybSHzKsMXA8F,2026-09-07,2026-10-15,MUC,VLC,EDDM-LEVC,Air Europa,UX,260.16,EUR,economy,2026-10-15T19:00:00,2026-10-15T21:50:00
off_0000BAAJaQwLHbkFN5WRQh,2026-09-07,2026-10-15,MUC,VLC,EDDM-LEVC,Lufthansa,LH,264.29,EUR,economy,2026-10-15T08:25:00,2026-10-15T11:00:00
off_0000BAAJaQr1bNUX6b2C8y,2026-09-07,2026-10-15,MUC,VLC,EDDM-LEVC,Brussels Airlines,SN,264.66,EUR,economy,2026-10-15T11:50:00,2026-10-15T13:10:00
off_0000BAAJaQnpnEwIwhXeAr,2026-09-07,2026-10-15,MUC,VLC,EDDM-LEVC,Lufthansa,LH,269.55,EUR,economy,2026-10-15T18:00:00,2026-10-15T19:00:00
off_0000BAAJaQoXkbVSytsDHZ,2026-09-07,2026-10-15,MUC,VLC,EDDM-LEVC,Lufthansa,LH,269.55,EUR,economy,2026-10-15T17:00:00,2026-10-15T18:00:00
off_0000BAAJaQpbgeMD2CN3vU,2026-09-07,2026-10-15,MUC,VLC,EDDM-LEVC,Lufthansa,LH,269.55,EUR,economy,2026-10-15T15:00:00,2026-10-15T16:00:00
off_0000BAAJaQqJe0vN4Ohd2M,2026-09-07,2026-10-15,MUC,VLC,EDDM-LEVC,Lufthansa,LH,269.55,EUR,economy,2026-10-15T12:00:00,2026-10-15T13:00:00
off_0000BAAJaQrjYk3h8nMlFS,2026-09-07,2026-10-15,MUC,VLC,EDDM-LEVC,Lufthansa,LH,269.55,EUR,economy,2026-10-15T11:30:00,2026-10-15T12:30:00
off_0000BAAJaQt9TTC1DC1tSc,2026-09-07,2026-10-15,MUC,VLC,EDDM-LEVC,Lufthansa,LH,269.55,EUR,economy,2026-10-15T11:00:00,2026-10-15T12:00:00
off_0000BAAJaQvzIvSfLzM9sX,2026-09-07,2026-10-15,MUC,VLC,EDDM-LEVC,Lufthansa,LH,269.55,EUR,economy,2026-10-15T07:00:00,2026-10-15T08:00:00
off_0000BAAJaQn7psN8uVD53r,2026-09-07,2026-10-15,MUC,VLC,EDDM-LEVC,SWISS,LX,283.28,EUR,economy,2026-10-15T19:05:00,2026-10-15T20:05:00
off_0000BAAJaQsRW6crAzhKLo,2026-09-07,2026-10-15,MUC,VLC,EDDM-LEVC,SWISS,LX,283.28,EUR,economy,2026-10-15T11:15:00,2026-10-15T12:15:00
off_0000BAAJaQtrQplBFOMSZ4,2026-09-07,2026-10-15,MUC,VLC,EDDM-LEVC,SWISS,LX,283.28,EUR,economy,2026-10-15T09:00:00,2026-10-15T10:00:00
off_0000BAAJaQuvMsbvIgrJEI,2026-09-07,2026-10-15,MUC,VLC,EDDM-LEVC,SWISS,LX,283.28,EUR,economy,2026-10-15T07:40:00,2026-10-15T08:40:00
off_0000BAAJaL1RHkFz19rQXU,2026-09-07,2026-10-15,MUC,VLC,EDDM-LEVC,Air Europa,UX,287.43,EUR,economy,2026-10-15T19:00:00,2026-10-15T21:50:00
off_0000BAAJaQqfchCx5UrubV,2026-09-07,2026-10-15,MUC,VLC,EDDM-LEVC,Brussels Airlines,SN,289.69,EUR,economy,2026-10-15T11:50:00,2026-10-15T13:10:00
off_0000BAAJaKzJPeYUuYrjEk,2026-09-07,2026-10-15,MUC,VLC,EDDM-LEVC,TAP Air Portugal,TP,290.87,EUR,economy,2026-10-15T13:35:00,2026-10-15T16:00:00
off_0000BAAJaKzfOKq4vf20mS,2026-09-07,2026-10-15,MUC,VLC,EDDM-LEVC,TAP Air Portugal,TP,290.87,EUR,economy,2026-10-15T06:05:00,2026-10-15T08:30:00
off_0000BAAJaQnpnEwIwhXeAP,2026-09-07,2026-10-15,MUC,VLC,EDDM-LEVC,Lufthansa,LH,294.58,EUR,economy,2026-10-15T18:00:00,2026-10-15T19:00:00
off_0000BAAJaQoXkbVSytsDH9,2026-09-07,2026-10-15,MUC,VLC,EDDM-LEVC,Lufthansa,LH,294.58,EUR,economy,2026-10-15T17:00:00,2026-10-15T18:00:00
off_0000BAAJaQpFhy4d16CmNc,2026-09-07,2026-10-15,MUC,VLC,EDDM-LEVC,Lufthansa,LH,294.58,EUR,economy,2026-10-15T15:00:00,2026-10-15T16:00:00
off_0000BAAJaQpxfKdn3IXLUm,2026-09-07,2026-10-15,MUC,VLC,EDDM-LEVC,Lufthansa,LH,294.58,EUR,economy,2026-10-15T12:00:00,2026-10-15T13:00:00
off_0000BAAJaQrNa3m77hCThr,2026-09-07,2026-10-15,MUC,VLC,EDDM-LEVC,Lufthansa,LH,294.58,EUR,economy,2026-10-15T11:30:00,2026-10-15T12:30:00
off_0000BAAJaQt9TTC1DC1tSO,2026-09-07,2026-10-15,MUC,VLC,EDDM-LEVC,Lufthansa,LH,294.58,EUR,economy,2026-10-15T11:00:00,2026-10-15T12:00:00
off_0000BAAJaQvzIvSfLzM9sB,2026-09-07,2026-10-15,MUC,VLC,EDDM-LEVC,Lufthansa,LH,294.58,EUR,economy,2026-10-15T07:00:00,2026-10-15T08:00:00
off_0000BAAJaKyxQyGutShRfk,2026-09-07,2026-10-15,MUC,VLC,EDDM-LEVC,Air Europa,UX,295.43,EUR,economy,2026-10-15T19:00:00,2026-10-15T21:50:00
off_0000BAAJaQmlrC5YtP2nW0,2026-09-07,2026-10-15,MUC,VLC,EDDM-LEVC,SWISS,LX,298.3,EUR,economy,2026-10-15T19:05:00,2026-10-15T20:05:00
off_0000BAAJaQs5XQLH9tX2nu,2026-09-07,2026-10-15,MUC,VLC,EDDM-LEVC,SWISS,LX,298.3,EUR,economy,2026-10-15T11:15:00,2026-10-15T12:15:00
off_0000BAAJaQtrQplBFOMSYk,2026-09-07,2026-10-15,MUC,VLC,EDDM-LEVC,SWISS,LX,298.3,EUR,economy,2026-10-15T09:00:00,2026-10-15T10:00:00
off_0000BAAJaQuvMsbvIgrJDr,2026-09-07,2026-10-15,MUC,VLC,EDDM-LEVC,SWISS,LX,298.3,EUR,economy,2026-10-15T07:40:00,2026-10-15T08:40:00
off_0000BAAJaQqfchCx5Uruap,2026-09-07,2026-10-15,MUC,VLC,EDDM-LEVC,Brussels Airlines,SN,304.7,EUR,economy,2026-10-15T11:50:00,2026-10-15T13:10:00
off_0000BAAJaQnToYeivbNMcq,2026-09-07,2026-10-15,MUC,VLC,EDDM-LEVC,Lufthansa,LH,309.59,EUR,economy,2026-10-15T18:00:00,2026-10-15T19:00:00
off_0000BAAJaQoBlvDsxnhvjr,2026-09-07,2026-10-15,MUC,VLC,EDDM-LEVC,Lufthansa,LH,309.59,EUR,economy,2026-10-15T17:00:00,2026-10-15T18:00:00
off_0000BAAJaQotjHn3002UqD,2026-09-07,2026-10-15,MUC,VLC,EDDM-LEVC,Lufthansa,LH,309.59,EUR,economy,2026-10-15T15:00:00,2026-10-15T16:00:00
off_0000BAAJaQpxfKdn3IXLU9,2026-09-07,2026-10-15,MUC,VLC,EDDM-LEVC,Lufthansa,LH,309.59,EUR,economy,2026-10-15T12:00:00,2026-10-15T13:00:00
off_0000BAAJaQrNa3m77hCThO,2026-09-07,2026-10-15,MUC,VLC,EDDM-LEVC,Lufthansa,LH,309.59,EUR,economy,2026-10-15T11:30:00,2026-10-15T12:30:00
off_0000BAAJaQt9TTC1DC1tS6,2026-09-07,2026-10-15,MUC,VLC,EDDM-LEVC,Lufthansa,LH,309.59,EUR,economy,2026-10-15T11:00:00,2026-10-15T12:00:00
off_0000BAAJaQvdKFB5KtBsKh,2026-09-07,2026-10-15,MUC,VLC,EDDM-LEVC,Lufthansa,LH,309.59,EUR,economy,2026-10-15T07:00:00,2026-10-15T08:00:00
off_0000BAAJaQwLHbkFN5WRQO,2026-09-07,2026-10-15,MUC,VLC,EDDM-LEVC,Lufthansa,LH,344.4,EUR,economy,2026-10-15T08:25:00,2026-10-15T11:00:00
off_0000BAAJaKzfOKq4vf20n9,2026-09-07,2026-10-15,MUC,VLC,EDDM-LEVC,TAP Air Portugal,TP,375.19,EUR,economy,2026-10-15T13:35:00,2026-10-15T16:00:00
off_0000BAAJaL01N17ewlCIKe,2026-09-07,2026-10-15,MUC,VLC,EDDM-LEVC,TAP Air Portugal,TP,375.19,EUR,economy,2026-10-15T06:05:00,2026-10-15T08:30:00
off_0000BAAJaQmlrC5YtP2nVX,2026-09-07,2026-10-15,MUC,VLC,EDDM-LEVC,SWISS,LX,378.41,EUR,economy,2026-10-15T19:05:00,2026-10-15T20:05:00
off_0000BAAJaQs5XQLH9tX2nZ,2026-09-07,2026-10-15,MUC,VLC,EDDM-LEVC,SWISS,LX,378.41,EUR,economy,2026-10-15T11:15:00,2026-10-15T12:15:00
off_0000BAAJaQtVS9TbEICB0w,2026-09-07,2026-10-15,MUC,VLC,EDDM-LEVC,SWISS,LX,378.41,EUR,economy,2026-10-15T09:00:00,2026-10-15T10:00:00
off_0000BAAJaQuZOCKLHah1fF,2026-09-07,2026-10-15,MUC,VLC,EDDM-LEVC,SWISS,LX,378.41,EUR,economy,2026-10-15T07:40:00,2026-10-15T08:40:00
off_0000BAAJaQqfchCx5UruaI,2026-09-07,2026-10-15,MUC,VLC,EDDM-LEVC,Brussels Airlines,SN,384.81,EUR,economy,2026-10-15T11:50:00,2026-10-15T13:10:00
off_0000BAAJaQnToYeivbNMcE,2026-09-07,2026-10-15,MUC,VLC,EDDM-LEVC,Lufthansa,LH,389.7,EUR,economy,2026-10-15T18:00:00,2026-10-15T19:00:00
off_0000BAAJaQoBlvDsxnhvjI,2026-09-07,2026-10-15,MUC,VLC,EDDM-LEVC,Lufthansa,LH,389.7,EUR,economy,2026-10-15T17:00:00,2026-10-15T18:00:00
off_0000BAAJaQotjHn3002UpX,2026-09-07,2026-10-15,MUC,VLC,EDDM-LEVC,Lufthansa,LH,389.7,EUR,economy,2026-10-15T15:00:00,2026-10-15T16:00:00
off_0000BAAJaQpbgeMD2CN3wk,2026-09-07,2026-10-15,MUC,VLC,EDDM-LEVC,Lufthansa,LH,389.7,EUR,economy,2026-10-15T12:00:00,2026-10-15T13:00:00
off_0000BAAJaQrNa3m77hCTgu,2026-09-07,2026-10-15,MUC,VLC,EDDM-LEVC,Lufthansa,LH,389.7,EUR,economy,2026-10-15T11:30:00,2026-10-15T12:30:00
off_0000BAAJaQsnUmuRC5rbuL,2026-09-07,2026-10-15,MUC,VLC,EDDM-LEVC,Lufthansa,LH,389.7,EUR,economy,2026-10-15T11:00:00,2026-10-15T12:00:00
off_0000BAAJaQvdKFB5KtBsKD,2026-09-07,2026-10-15,MUC,VLC,EDDM-LEVC,Lufthansa,LH,389.7,EUR,economy,2026-10-15T07:00:00,2026-10-15T08:00:00
